link,bodies,zi,u_id,zi_left_up,zi_left,zi_left_down,zi_up,zi_mid,zi_down,zi_right_up,zi_right,zi_right_down,zi_mid_out,zi_mid_in,ts,desc_cn,is_active,id_shuowen,hsk_note,desc_en
L-R,2,㒸,9734,,八,,,,,,豕,,,,,从意也。从八豕聲。,Y,712,,
L-R,2,㓞,13898,,丰,,,,,,刀,,,,2024-01-28 10:31:51,,Y,,,
L-R,2,㕙,13858,,夋,,,,,,兔,,,,2024-01-26 22:59:24,狡兔也。从兔夋聲。,Y,,,
L-R,2,㱾,3784,,亥,,,,,,殳,,,,2025-02-16 12:50:05,㱾改，大剛卯也。以逐精鬼。从殳亥聲。,Y,1967,,
L-R,2,㳄,13690,,氵,,,,,,欠,,,,2024-01-21 12:36:52,慕欲口液也。从欠从水。凡㳄之屬皆从㳄。,Y,,,
L-R,2,䖵,13816,,虫,,,,,,虫,,,,2024-01-23 22:05:03,,Y,,,
L-R,2,䗥,13403,,虫,,,,,,從,,,,,螉䗥也。从虫從聲。,Y,8748,,
L-R,2,丞,2255,,卩,,,,,,山,,,,,翊也。从廾从卩从山。山高，奉承之義。,Y,1750,,
L-R,2,乂,11883,,丿,,,,,,乀,,,,,芟艸也。从丿从乀，相交。,Y,8319,,
L-R,2,乱,6984,,舌,,,,,,乚,,,,2024-01-23 22:42:17,,Y,,from HSK,in confusion or disorder/in a confused state of mind/disorder/upheaval/riot/illicit sexual relations/to throw into disorder/to mix up/indiscriminate/random/arbitrary
L-R,2,乳,8941,,孚,,,,,,乙,,,,2024-01-26 22:50:27,人及鳥生子曰乳，獸曰産。从孚从𠃉。𠃉者，玄鳥也。《明堂月令》：“玄鳥至之日，祠于高禖，以請子。”故乳从𠃉。請子必以𠃉至之日者，𠃉，春分來，秋分去，開生之候鳥，帝少昊司分之官也。,Y,7665,in HSK,
L-R,2,仍,2,,亻,,,,,,乃,,,,,因也。从人乃聲。,Y,5025,in HSK,
L-R,2,从,2622,,人,,,,,,人,,,,2024-01-14 12:56:54,,Y,,from HSK,from/through/via/to follow/to obey/to engage in (an activity)/never (in negative sentence)/(Taiwan pr. [zong4]) retainer/assistant/auxiliary/subordinate/related by common paternal grandfather or earlier ancestor
L-R,2,仝,10139,,入,,,,,,工,,,,,完也。从入从工。,Y,3268,,
L-R,2,侵,8548,,亻,,,,,彐,冖,又,,,2025-02-16 11:28:15,,Y,,from HSK,to invade/to encroach/to infringe/to approach
L-R,2,倝,3833,,旦,,,,,,㫃,,,,,日始出，光倝倝也。从旦㫃聲。凡倝之屬皆从倝。,Y,4258,,
L-R,2,傍,1491,,亻,,,,,,旁,,,,2025-02-16 12:35:38,近也。从人㫄聲。,Y,5061,in HSK,
L-R,2,傻,9096,,亻,,,,,囟,八,夂,,,2025-02-16 12:18:57,,Y,,from HSK,foolish
L-R,2,兢,5498,,克,,,,,,克,,,,2024-01-28 14:57:22,,Y,,from HSK,to be fearful/apprehensive
L-R,2,冕,7335,,冃,,,,,,免,,,,,大夫以上冠也。邃延、垂瑬、紞纊。从冃免聲。古者黃帝初作冕。,Y,4784,in HSK,
L-R,2,冢,13093,,勹,,,,,,豖,,,,,高墳也。从勹豖聲。,Y,5785,,
L-R,2,冣,5684,,冂,,,,,,取,,,,,積也。从冂从取，取亦聲。,Y,4777,,
L-R,2,凊,277,,仌,,,,,,青,,,,,寒也。从仌青聲。,Y,7473,,
L-R,2,凋,3038,,仌,,,,,,周,,,,,半傷也。从仌周聲。,Y,7477,,
L-R,2,凓,6457,,仌,,,,,,栗,,,,,寒也。从仌栗聲。,Y,7485,,
L-R,2,凔,1986,,仌,,,,,,倉,,,,,寒也。从仌倉聲。,Y,7480,,
L-R,2,処,2441,,几,,,,,,夂,,,,,止也。得几而止。从几从夂。,Y,9423,,
L-R,2,凯,5853,,岂,,,,,,几,,,,2024-01-26 16:14:01,,Y,,from HSK,triumphant/victorious/chi (Greek letter Χχ)
L-R,2,刎,10543,,刀,,,,,,勿,,,,,剄也。从刀勿聲。,Y,2796,,
L-R,2,刓,10349,,刀,,,,,,元,,,,,剸也。从刀元聲。一曰齊也。,Y,2782,,
L-R,2,刖,12459,,刀,,,,,,月,,,,,絕也。从刀月聲。,Y,2778,,
L-R,2,刜,3657,,刀,,,,,,弗,,,,,擊也。从刀弗聲。,Y,2779,,
L-R,2,刲,6103,,刀,,,,,,圭,,,,,刺也。从刀圭聲。《易》曰：“士刲羊。”,Y,2775,,
L-R,2,刳,6025,,刀,,,,,,夸,,,,,判也。从刀夸聲。,Y,2759,,
L-R,2,刵,3398,,刀,,,,,,耳,,,,,斷耳也。从刀从耳。,Y,2787,,
L-R,2,剜,10343,,刀,,,,,,宛,,,,,削也。从刀宛聲。,Y,2797,,
L-R,2,剞,4871,,刀,,,,,,奇,,,,,剞𠜾，曲刀也。从刀奇聲。,Y,2738,,
L-R,2,剟,3261,,刀,,,,,,叕,,,,,刊也。从刀叕聲。,Y,2762,,
L-R,2,剡,11566,,刀,,,,,,炎,,,,,銳利也。从刀炎聲。,Y,2741,,
L-R,2,剺,6393,,刀,,,,,,𠩺,,,,,剥也。劃也。从刀𠩺聲。,Y,2767,,
L-R,2,剽,8086,,刀,,,,,,𤐫,,,,,砭刺也。从刀𤐫聲。一曰剽，劫人也。,Y,2774,,
L-R,2,劖,2090,,刀,,,,,,毚,,,,,斷也。从刀毚聲。一曰剽也，釗也。,Y,2781,,
L-R,2,功,3977,,工,,,,,,力,,,,2024-01-14 15:21:19,以勞定國也。从力从工，工亦聲。,Y,9167,in HSK,
L-R,2,动,3136,,云,,,,,,力,,,,2024-01-14 15:19:09,,Y,,from HSK,"(of sth) to move/to set in movement/to displace/to touch/to make use of/to stir (emotions)/to alter/abbr. for 動詞|动词[dong4 ci2], verb"
L-R,2,助,13202,,且,,,,,,力,,,,2024-01-17 00:16:27,左也。从力且聲。,Y,9168,in HSK,assist / help
L-R,2,劫,5388,,去,,,,,, 力,,,,2024-01-16 23:12:52,,Y,,from HSK,to rob/to plunder/to seize by force/to coerce/calamity/abbr. for kalpa 劫波[jie2 bo1]
L-R,2,励,6460,,厉,,,,,,力,,,,2024-01-16 23:26:59,,Y,,from HSK,to encourage/to urge
L-R,2,勝,13740,,月,,,,,丷,夫,力,,,2025-02-16 12:30:03,任也。从力朕聲。,Y,,,
L-R,2,匈,1074,,勹,,,,,,凶,,,,,聲也。从勹凶聲。,Y,5780,in HSK,
L-R,2,匍,8197,,勹,,,,,,甫,,,,,手行也。从勹甫聲。,Y,5773,,
L-R,2,匏,7924,,包,,,,,,夸,,,,,瓠也。从包，从夸聲。包，取其可包藏物也。,Y,5788,,
L-R,2,匐,3658,,勹,,,,,,畐,,,,,伏地也。从勹畐聲。,Y,5774,,
L-R,2,化,4622,,亻,,,,,,𠤎,,,,2024-01-14 13:20:16,教行也。从𠤎从人，𠤎亦聲。,Y,5192,in HSK,
L-R,2,北,1555,,丬,,,,,,匕,,,,2024-01-14 15:07:17,,Y,,from HSK,north/(classical) to be defeated
L-R,2,匜,11817,,匚,,,,,,也,,,,,似羹魁，柄中有道，可以注水。从匚也聲。,Y,8386,,
L-R,2,匧,8534,,匚,,,,,,夾,,,,,藏也。从匚夾聲。,Y,8384,,
L-R,2,匴,9711,,匚,,,,,,算,,,,,渌米籔也。从匚算聲。,Y,8387,,
L-R,2,匵,3176,,匚,,,,,,賣,,,,,匱也。从匚賣聲。,Y,8396,,
L-R,2,匿,7662,,匸,,,,,,若,,,,,亡也。从匸若聲。讀如羊騶箠。,Y,8377,in HSK,
L-R,2,博,1872,,十,,,,,,尃,,,,,大通也。从十从尃。尃，布也。,Y,1464,in HSK,
L-R,2,卲,900,,卪,,,,,,召,,,,,高也。从卪召聲。,Y,5753,,
L-R,2,卽,4927,,皀,,,,,,卪,,,,,即食也。从皀卪聲。,Y,3181,,
L-R,2,厄,3320,,卪,,,,,,厂,,,,,科厄，木節也。从卪厂聲。賈侍中說，以爲厄，裹也。一曰厄，蓋也。,Y,5754,,
L-R,2,及,4928,,又,,,,,,人,,,,,逮也。从又从人。,Y,1910,in HSK,
L-R,2,双,9535,,又,,,,,,又,,,,2024-01-15 12:16:18,,Y,,from HSK,two/double/pair/both/even (number)
L-R,2,叔,9452,,尗,,,,,,又,,,,2024-01-21 19:09:11,拾也。从又尗聲。汝南名收芌爲叔。,Y,1916,in HSK,
L-R,2,取,8726,,耳,,,,,,又,,,,2024-01-21 19:01:52,捕取也。从又从耳。《周禮》：“獲者取左耳。”《司馬法》曰：“載獻聝。”聝者，耳也。,Y,1918,in HSK,
L-R,2,叙,11305,,余,,,,,,又,,,,2024-01-27 00:30:54,,Y,,from HSK,to narrate/to chat
L-R,2,叛,7894,,半,,,,,,反,,,,,半也。从半反聲。,Y,726,in HSK,
L-R,2,叩,6015,,口,,,,,,卩,,,,2024-01-26 16:22:18,,Y,,,
L-R,2,咫,12997,,尺,,,,,,只,,,,,中婦人手長八寸，謂之咫。周尺也。从尺只聲。,Y,5401,,
L-R,2,啎,10634,,午,,,,,,吾,,,,,逆也。从午吾聲。,Y,9751,,
L-R,2,啰,6999,,口,,,,,,罗,,,,2024-01-28 13:01:09,,Y,,from HSK,used in 囉嗦|啰嗦[luo1 suo5]
L-R,2,喌,13112,,吅,,,,,,州,,,,,呼雞重言之。从吅州聲。讀若祝。,Y,975,,
L-R,2,嗙,7918,,口,,,,,,旁,,,,2025-02-16 12:33:43,謌聲。嗙喻也。从口㫄聲。司馬相如說，淮南宋蔡舞嗙喻也。,Y,901,,
L-R,2,嘏,4060,,古,,,,,,叚,,,,,大遠也。从古叚聲。,Y,1458,,
L-R,2,嚭,8045,,喜,,,,,,否,,,,,大也。从喜否聲。《春秋傳》：“吳有太宰嚭。”,Y,3061,,
L-R,2,圉,12299,,㚔,,,,,,囗,,,,,囹圄，所以拘罪人。从㚔从囗。一曰圉，垂也。一曰圉人，掌馬者。,Y,6614,,
L-R,2,圪,3897,,土,,,,,,乞,,,,,牆高也。《詩》曰：“崇墉𡉛𡉛。”从土乞聲。,Y,9001,,
L-R,2,圮,8046,,土,,,,,,己,,,,,毀也。《虞書》曰：“方命圮族。”从土己聲。,Y,9065,,
L-R,2,圯,11819,,土,,,,,,巳,,,,,東楚謂橋爲圯。从土巳聲。,Y,9102,,
L-R,2,址,218,,土,,,,,,止,,,,2024-01-16 21:46:54,,Y,,from HSK,(bound form) site;  location
L-R,2,坊,3478,,土,,,,,,方,,,,,邑里之名。从土方聲。古通用埅。,Y,9117,in HSK,
L-R,2,坋,1591,,土,,,,,,分,,,,,塵也。从土分聲。一曰大防也。,Y,9080,,
L-R,2,坎,5880,,土,,,,,,欠,,,,,陷也。从土欠聲。,Y,9039,in HSK,
L-R,2,坏,4641,,土,,,,,,不,,,,,丘再成者也。一曰瓦未燒。从土不聲。,Y,9087,in HSK,
L-R,2,坑,269,,土,,,,,,亢,,,,2024-01-16 21:47:30,,Y,,from HSK,pit;  depression
L-R,2,块,6055,,土,,,,,,夬,,,,2024-01-16 23:18:20,,Y,,from HSK,"lump; chunk; piece/classifier for pieces of cloth, cake, soap etc/(coll.) classifier for money and currency units"
L-R,2,坛,9860,,土,,,,,,云,,,,2024-01-16 23:58:34,,Y,,from HSK,platform/rostrum/altar
L-R,2,坝,256,,土,,,,,, 贝,,,,2024-01-16 21:47:11,,Y,,from HSK,dam/dike;  embankment/CL:條|条[tiao2]
L-R,2,坟,3561,,土,,,,,, 文,,,,2024-01-16 23:02:53,,Y,,from HSK,grave/tomb/CL:座[zuo4]/embankment/mound/ancient book
L-R,2,坡,8160,,土,,,,,,皮,,,,,阪也。从土皮聲。,Y,8981,in HSK,
L-R,2,坤,6140,,土,,,,,,申,,,,,地也。《易》之卦也。从土从申。土位在申。,Y,8976,in HSK,
L-R,2,坦,9879,,土,,,,,,旦,,,,,安也。从土旦聲。,Y,9025,in HSK,
L-R,2,坪,8135,,土,,,,,,平,,,,,地平也。从土从平，平亦聲。,Y,8982,in HSK,
L-R,2,坫,3019,,土,,,,,,占,,,,,屏也。从土占聲。,Y,9011,,
L-R,2,坱,11665,,土,,,,,,央,,,,,塵埃也。从土央聲。,Y,9077,,
L-R,2,坳,288,,土,,,,,,幼,,,,,地不平也。从土幼聲。,Y,9113,,
L-R,2,坷,5951,,土,,,,,,可,,,,,坎坷也。梁國寕陵有坷亭。从土可聲。,Y,9074,in HSK,
L-R,2,坻,2309,,土,,,,,,氐,,,,,小渚也。《詩》曰：“宛在水中坻。”从土氐聲。,Y,9041,,
L-R,2,坼,2201,,土,,,,,,㡿,,,,,裂也。《詩》曰：“不𡍩不疈。”从土㡿聲。,Y,9076,,
L-R,2,垍,4984,,土,,,,,,自,,,,,堅土也。从土自聲。讀若臮。,Y,9050,,
L-R,2,垎,4424,,土,,,,,,各,,,,,水乾也。一曰堅也。从土各聲。,Y,9043,,
L-R,2,垓,3786,,土,,,,,,亥,,,,,兼垓八極地也。《國語》曰：“天子居九垓之田。”从土亥聲。,Y,8977,,
L-R,2,垗,12800,,土,,,,,,兆,,,,,畔也。爲四畤界，祭其中。《周禮》曰：“垗五帝於四郊。”从土兆聲。,Y,9094,,
L-R,2,垝,282,,土,,,,,,危,,,,,毀垣也。从土危聲。《詩》曰：“乘彼垝垣。”,Y,9064,,
L-R,2,垠,12017,,土,,,,,,艮,,,,,地垠也。一曰岸也。从土艮聲。,Y,9060,,
L-R,2,垢,4025,,土,,,,,,后,,,,,濁也。从土后聲。,Y,9085,in HSK,
L-R,2,垤,3069,,土,,,,,,至,,,,,螘封也。《詩》曰：“鸛鳴于垤。”从土至聲。,Y,9088,,
L-R,2,埂,3967,,土,,,,,,更,,,,,秦謂阬爲埂。从土更聲。讀若井汲綆。,Y,9068,in HSK,
L-R,2,埃,1282,,土,,,,,,矣,,,,,塵也。从土矣聲。,Y,9082,in HSK,
L-R,2,城,2259,,土,,,,,,成,,,,,以盛民也。从土从成，成亦聲。,Y,9036,in HSK,
L-R,2,埏,9116,,土,,,,,,延,,,,,八方之地也。从土延聲。,Y,9107,,
L-R,2,埒,6650,,土,,,,,,寽,,,,,卑垣也。从土寽聲。,Y,9006,,
L-R,2,埤,8019,,土,,,,,,卑,,,,,增也。从土卑聲。,Y,9046,,
L-R,2,埴,12974,,土,,,,,,直,,,,,黏土也。从土直聲。,Y,8989,,
L-R,2,埵,3277,,土,,,,,,𡍮,,,,,堅土也。从土𡍮聲。讀若朵。,Y,9052,,
L-R,2,埽,9054,,土,,,,,,帚,,,,,棄也。从土从帚。,Y,9020,,
L-R,2,堀,6028,,土,,,,,,屈,,,,,兔堀也。从土屈聲。,Y,9104,,
L-R,2,堋,7978,,土,,,,,,朋,,,,,喪葬下土也。从土朋聲。《春秋傳》曰：“朝而堋。”《禮》謂之封，《周官》謂之窆。《虞書》曰：“堋淫于家。”,Y,9093,,
L-R,2,堤,2927,,土,,,,,,是,,,,,滯也。从土是聲。,Y,9027,in HSK,
L-R,2,堨,3328,,土,,,,,,曷,,,,,壁間隙也。从土曷聲。讀若謁。,Y,9005,,
L-R,2,堪,5872,,土,,,,,,甚,,,,,地突也。从土甚聲。,Y,9007,in HSK,
L-R,2,堵,3190,,土,,,,,,者,,,,,垣也。五版爲一堵。从土者聲。,Y,9002,in HSK,
L-R,2,塓,7309,,土,,,,,,冥,,,,,塗也。从土冥聲。,Y,9106,,
L-R,2,塔,9804,,土,,,,,,荅,,,,,西域浮屠也。从土荅聲。,Y,9116,in HSK,
L-R,2,塘,9905,,土,,,,,,唐,,,,,隄也。从土唐聲。,Y,9112,in HSK,
L-R,2,塙,8786,,土,,,,,,高,,,,,堅不可拔也。从土高聲。,Y,8985,,
L-R,2,塡,10032,,土,,,,,,眞,,,,,塞也。从土眞聲。,Y,9024,,
L-R,2,墀,2310,,土,,,,,,犀,,,,,涂地也。从土犀聲。《禮》：“天子赤墀。”,Y,9017,,
L-R,2,境,5539,,土,,,,,,竟,,,,,疆也。从土竟聲。經典通用竟。,Y,9109,in HSK,
L-R,2,墐,5463,,土,,,,,,堇,,,,,涂也。从土堇聲。,Y,9014,,
L-R,2,增,122,,土,,,,,,曾,,,,,益也。从土曾聲。,Y,9045,in HSK,
L-R,2,墫,13486,,士,,,,,,尊,,,,,舞也。从士尊聲。《詩》曰：“墫墫舞我。”,Y,229,,
L-R,2,墺,1374,,土,,,,,,奧,,,,,四方土可居也。从土奧聲。,Y,8978,,
L-R,2,墼,4877,,土,,,,,,毄,,,,,瓴適也。一曰未燒也。从土毄聲。,Y,9018,,
L-R,2,壎,11407,,土,,,,,,熏,,,,,樂器也。以土爲之，六孔。从土熏聲。,Y,9028,,
L-R,2,壒,1303,,土,,,,,,蓋,,,,,塵也。从土蓋聲。,Y,9114,,
L-R,2,壔,2874,,土,,,,,,𠷎,,,,,保也。高土也。从土𠷎聲。讀若毒。,Y,9055,,
L-R,2,壤,8833,,土,,,,,,襄,,,,,柔土也。从土襄聲。,Y,8984,in HSK,
L-R,2,处,2447,,夂,,,,,,卜,,,,2024-01-14 15:16:01,,Y,,from HSK,to reside/to live/to dwell/to be in/to be situated at/to stay/to get along with/to be in a position of/to deal with/to discipline/to punish
L-R,2,外,10342,,夕,,,,,,卜,,,,2024-01-15 12:27:56,,Y,,from HSK,outside/in addition/foreign/external
L-R,2,夗,12444,,夕,,,,,,㔾,,,,2024-01-20 05:23:22,轉臥也。从夕从卪。臥有卪也。,Y,4311,,
L-R,2,夥,4838,,多,,,,,,果,,,,,齊謂多爲夥。从多果聲。,Y,4318,,
L-R,2,夷,11820,,大,,,,,,弓,,,,,平也。从大从弓。東方之人也。,Y,6581,in HSK,
L-R,2,奎,6111,,大,,,,,,圭,,,,,兩髀之閒。从大圭聲。,Y,6565,,
L-R,2,奘,12582,,亣,,,,,,壯,,,,,駔大也。从亣从壯，壯亦聲。,Y,6635,,
L-R,2,奡,1375,,𦣻,,,,,,夰,,,,,嫚也。从𦣻从夰，夰亦聲。《虞書》曰：“若丹朱奡。”讀若傲。《論語》：“奡湯舟。”,Y,6630,,
L-R,2,奢,9214,,大,,,,,,者,,,,,張也。从大者聲。凡奢之屬皆从奢。,Y,6618,in HSK,
L-R,2,奭,9391,,大,,,,,,皕,,,,,盛也。从大从皕，皕亦聲。此燕召公名。讀若郝。《史篇》名醜。,Y,2230,,
L-R,2,她,9794,,女,,,,,,也,,,,2024-01-16 23:58:23,,Y,,from HSK,she
L-R,2,好,73,,女,,,,,,子,,,,2024-01-16 21:46:16,,Y,,from HSK,to be fond of;  to have a tendency to
L-R,2,妇,3746,,女,,,,,,彐,,,,2024-01-16 23:04:27,,Y,,from HSK,woman
L-R,2,妙,7373,,女,,,,,,少,,,,2024-01-23 22:44:02,,Y,,from HSK,variant of 妙[miao4];  clever/wonderful
L-R,2,娇,5276,,女,,,,,,乔,,,,2024-01-27 01:01:23,,Y,,from HSK,lovable/pampered/tender/delicate/frail
L-R,2,孔,6001,,子,,,,,,乚,,,,2024-11-30 22:00:27,,Y,7664,in HSK,
L-R,2,孜,13347,,子,,,,,,攵,,,,2025-02-08 22:26:18,汲汲也。从攴子聲。《周書》曰：“孜孜無怠。”,Y,2005,,
L-R,2,孰,9478,,享,,,,,,丸,,,,2025-02-08 22:23:40,,Y,,,
L-R,2,孵,3638,,卵,,,,,,孚,,,,2024-01-25 02:11:25,,Y,,from HSK,breeding/to incubate/to hatch
L-R,2,对,275,,又,,,,,,寸,,,,2024-01-14 15:03:25,,Y,,from HSK,right;  correct/towards
L-R,2,封,3591,,圭,,,,,,寸,,,,2024-01-18 22:09:20,爵諸矦之土也。从之从土从寸，守其制度也。公侯，百里；伯，七十里；子男，五十里。,Y,9029,in HSK,
L-R,2,尌,9497,,壴,,,,,,寸,,,,,立也。从壴从寸，持之也。讀若駐。,Y,3063,,
L-R,2,尐,5395,,小,,,,,,乀,,,,,少也。从小乀聲。讀若輟。,Y,706,,
L-R,2,尢,10385,,乙,,,,,,又,,,,,異也。从乙又聲。,Y,9696,,
L-R,2,尥,6635,,尣,,,,,,勺,,,,,行脛相交也。从尣勺聲。牛行腳相交爲尦。,Y,6602,,
L-R,2,尬,3782,,尣,,,,,,介,,,,,𡰉𡯗也。从尣介聲。,Y,6601,,
L-R,2,就,138,,京,,,,,,尤,,,,,就，高也。从京从尤。尤，異於凡也。,Y,3315,in HSK,
L-R,2,尲,3809,,尣,,,,,,兼,,,,,不正也。从尣兼聲。,Y,6600,,
L-R,2,岭,6758,,山,,,,,,令,,,,2024-01-26 16:15:59,,Y,,from HSK,mountain range/mountain ridge
L-R,2,嵞,992,,屾,,,,,,余,,,,,會稽山。一曰九江當嵞也。民以辛壬癸甲之日嫁娶。从屾余聲。《虞書》曰：“予娶嵞山。”,Y,5885,,
L-R,2,巩,3999,,工,,,,,, 凡,,,,2024-01-15 13:06:20,,Y,,from HSK,secure/solid
L-R,2,帐,12773,,巾,,,,,,长,,,,2024-01-23 23:02:10,,Y,,from HSK,covering veil/canopy/screen/tent/variant of 賬|账[zhang4]
L-R,2,幐,13680,,月,,,,,丷,夫,巾,,,2025-02-16 12:28:27,囊也。从巾朕聲。,Y,,,
L-R,2,幷,1846,,从,,,,,,幵,,,,,相從也。从从幵聲。一曰从持二爲并。,Y,5204,,
L-R,2,幻,4675,,幺,,,,,,㇆,,,,2024-01-14 15:23:26,,Y,,from HSK,fantasy
L-R,2,幼,12217,,幺,,,,,,力,,,,,少也。从幺从力。,Y,2489,in HSK,
L-R,2,弇,11574,,廾,,,,,,合,,,,,蓋也。从廾从合。,Y,1752,,
L-R,2,弈,11906,,廾,,,,,,亦,,,,,圍棊也。从廾亦聲。《論語》曰：“不有博弈者乎！”,Y,1763,,
L-R,2,弗,3666,,乀,,,,,,韋,,,,,撟也。从丿从乀，从韋省。,Y,8320,,
L-R,2,张,12754,,弓,,,,,,长,,,,2024-01-23 23:01:44,,Y,,from HSK,"to open up/to spread/sheet of paper/classifier for flat objects, sheet/classifier for votes"
L-R,2,弦,10910,,弓,,,,,,玄,,,,2024-01-26 23:00:02,,Y,,from HSK,bow string/string of musical instrument/watchspring/chord (segment of curve)/hypotenuse/CL:根[gen1]
L-R,2,弱,249,,弓 冫,,,,,,弓 冫,,,,2024-01-27 10:02:28,,Y,,from HSK,weak;  feeble/young/inferior
L-R,2,弼,1653,,弜,,,,,,㐁,,,,,輔也。重也。从弜㐁聲。,Y,8464,,
L-R,2,彘,13027,,彑,,,,,,矢,,,,,豕也。後蹏廢謂之彘。从彑矢聲；从二匕，彘足與鹿足同。,Y,6075,,
L-R,2,彤,10147,,丹,,,,,,彡,,,,,丹飾也。从丹从彡。彡，其畫也。,Y,3172,in HSK,
L-R,2,彭,806,,壴,,,,,,彡,,,,,鼓聲也。从壴彡聲。,Y,3065,in HSK,
L-R,2,彰,12755,,彡,,,,,,章,,,,,文彰也。从彡从章，章亦聲。,Y,5687,in HSK,
L-R,2,役,11908,,彳,,,,,,殳,,,,2024-01-23 22:58:29,戍邊也。从殳从彳。,Y,1966,in HSK,
L-R,2,得,2897,,彳,,,,,日,一,寸,,,2025-02-16 09:13:59,行有所得也。从彳㝵聲。,Y,1253,in HSK,
L-R,2,徬,7910,,彳,,,,,,旁,,,,2025-02-16 12:36:35,附行也。从彳㫄聲。,Y,1242,,
L-R,2,德,2899,,彳,,,,,十罒,一,心,,,2025-02-16 09:19:30,升也。从彳㥁聲。,Y,1223,in HSK,
L-R,2,懿,8,,壹,,,,,,恣,,,,,專久而美也。从壹，从恣省聲。,Y,6610,,
L-R,2,戏,10818,,又,,,,,, 戈,,,,2024-01-17 00:01:03,,Y,,from HSK,"trick/drama/play/show/CL:齣|出[chu1],場|场[chang3],臺|台[tai2]"
L-R,2,戻,6472,,戶,,,,,,大,,,,,輜車㫄推戶也。从戶大聲。讀與釱同。,Y,7686,,
L-R,2,扃,5561,,戶,,,,,,冋,,,,,外閉之關也。从戶冋聲。,Y,7691,,
L-R,2,扆,11865,,戶,,,,,,衣,,,,,戶牖之閒謂之扆。从戶衣聲。,Y,7689,,
L-R,2,扉,3504,,戶,,,,,,非,,,,,戶扇也。从戶非聲。,Y,7683,,
L-R,2,投,10180,,扌,,,,,,殳,,,,2025-02-16 12:52:39,擿也。从手从殳。,Y,7887,in HSK,
L-R,2,拜,1444,,手,,,,,,手,,,,2024-01-26 23:29:56,双手和十,Y,,from HSK,to pay respect/worship/visit/salute
L-R,2,攲,8236,,支,,,,,,奇,,,,,持去也。从支奇聲。,Y,1928,,
L-R,2,攸,12174,,亻 丨,,,,,,攵,,,,2024-01-27 13:01:42,行水也。从攴从人，水省。,Y,2026,,
L-R,2,教,5279,,孝,,,,,,攵,,,,2024-01-27 10:14:43,上所施下所效也。从攴从孝。凡教之屬皆从教。,Y,2064,in HSK,
L-R,2,敬,44,,茍,,,,,,攵,,,,2024-01-25 22:12:54,,Y,,from HSK,(bound form) respectful;  to respect/to offer politely
L-R,2,数,9483,,娄,,,,,,攵,,,,2024-01-27 19:07:46,,Y,,from HSK,to count/to count as/to regard as/to enumerate (sb's shortcomings)
L-R,2,斐,3518,,文,,,,,,非,,,,,分別文也。从文非聲。《易》曰：“君子豹變，其文斐也。”,Y,5696,,
L-R,2,斩,12732,,车,,,,,,斤,,,,2024-01-26 16:38:58,,Y,,from HSK,to behead (as form of capital punishment)/to chop
L-R,2,施,9328,,㫃,,,,,,也,,,,,旗皃。从㫃也聲。亝欒施字子旗，知施者旗也。,Y,4273,in HSK,
L-R,2,旃,12713,,㫃,,,,,,丹,,,,,旗曲柄也。所以旃表士衆。从㫃丹聲。《周禮》曰：“通帛爲旃。”,Y,4270,,
L-R,2,旄,7130,,㫃,,,,,,毛,,,,,幢也。从㫃从毛，毛亦聲。,Y,4280,,
L-R,2,旆,7957,,㫃,,,,,,𣎵,,,,,繼旐之旗也，沛然而垂。从㫃𣎵聲。,Y,4264,,
L-R,2,旋,11358,,㫃,,,,,,疋,,,,,周旋，旌旗之指麾也。从㫃从疋。疋，足也。,Y,4279,in HSK,
L-R,2,旌,5501,,㫃,,,,,,生,,,,,游車載旌，析羽注旄首，所以精進士卒。从㫃生聲。,Y,4265,,
L-R,2,旐,12801,,㫃,,,,,,兆,,,,,龜蛇四游，以象營室，游游而長。从㫃兆聲。《周禮》曰：“縣鄙建旐。”,Y,4262,,
L-R,2,旖,11867,,㫃,,,,,,奇,,,,,旗旖施也。从㫃奇聲。,Y,4274,,
L-R,2,旛,3433,,㫃,,,,,,番,,,,,幅胡也。从㫃番聲。,Y,4281,,
L-R,2,旝,6059,,㫃,,,,,,會,,,,,建大木，置石其上，發以機，以追敵也。从㫃會聲。《春秋傳》曰：“旝動而鼓。”《詩》曰：“其旝如林。”,Y,4269,,
L-R,2,旟,12246,,㫃,,,,,,與,,,,,錯革畫鳥其上，所以進士衆。旟旟，衆也。从㫃與聲。《周禮》曰：“州里建旟。”,Y,4266,,
L-R,2,既,4997,,艮,,,,,,旡,,,,2024-01-27 00:59:42,,Y,,from HSK,already/since/both... (and...)
L-R,2,旣,4998,,皀,,,,,,旡,,,,,小食也。从皀旡聲。《論語》曰：“不使勝食旣。”,Y,3182,,
L-R,2,明,7421,,日,,,,,,月,,,,2024-01-20 20:26:31,,Y,,from HSK,bright/opposite: dark 暗[an4]/(of meaning) clear/to understand/next/public or open/wise/generic term for a sacrifice to the gods
L-R,2,暨,4999,,旦,,,,,,旣,,,,,日頗見也。从旦旣聲。,Y,4257,,
L-R,2,曳,11772,,申,,,,,,丿,,,,,臾曳也。从申丿聲。,Y,9756,,
L-R,2,朁,1978,,曰,,,,,,兓,,,,,曾也。从曰兓聲。《詩》曰：“朁不畏明。”,Y,3031,,
L-R,2,朅,8541,,去,,,,,,曷,,,,,去也。从去曷聲。,Y,3150,,
L-R,2,朋,7980,,月,,,,,,月,,,,2024-01-26 22:46:35,,Y,,from HSK,friend
L-R,2,服,3672,,月,,,,,,𠬝,,,,2024-01-21 22:09:42,用也。一曰車右騑，所以舟旋。从舟𠬝聲。,Y,5423,in HSK,
L-R,2,朔,9560,,屰,,,,,,月,,,,2024-01-20 04:46:36,月一日始蘇也。从月屰聲。,Y,4292,,
L-R,2,朗,6288,,良,,,,,,月,,,,2024-01-20 04:48:31,明也。从月良聲。,Y,4295,in HSK,
L-R,2,朝,2190,,龺,,,,,,月,,,,2024-02-19 09:44:48,,Y,,from HSK,imperial or royal court/government/dynasty/reign of a sovereign or emperor/court or assembly held by a sovereign or emperor/to make a pilgrimage to/facing/towards
L-R,2,期,8237,,其,,,,,,月,,,,2024-01-20 04:48:07,會也。从月其聲。,Y,4298,in HSK,
L-R,2,朴,8212,,木,,,,,,卜,,,,2025-02-16 11:02:48,木皮也。从木卜聲。,Y,3555,in HSK,
L-R,2,村,2693,,木,,,,,,寸,,,,2024-01-16 22:58:04,,Y,,from HSK,village
L-R,2,杸,9460,,木,,,,,,殳,,,,2025-02-16 12:52:54,軍中士所持殳也。从木从殳。《司馬法》曰：“執羽从杸。”,Y,1950,,
L-R,2,林,6673,,木,,,,,,木,,,,2024-01-07 23:06:18,,Y,,from HSK,woods/forest/CL:片[pian4]/circle(s) (i.e. specific group of people)/a collection (of similar things)
L-R,2,枲,10794,,朩,,,,,,台,,,,,麻也。从朩台聲。,Y,4508,,
L-R,2,柬,5163,,束,,,,,,八,,,,,分別𥳑之也。从束从八。八，分別也。,Y,3882,in HSK,
L-R,2,栔,8337,,㓞,,,,,,木,,,,,刻也。从㓞从木。,Y,2805,,
L-R,2,棘,4937,,朿,,,,,,朿,,,,2024-01-28 12:56:38,,Y,,from HSK,thorns
L-R,2,槑,2757,,呆,,,,,,呆,,,,2024-01-26 23:18:53,,Y,,,
L-R,2,欢,4645,,又,,,,,,欠,,,,2024-01-16 23:08:58,,Y,,from HSK,joyous/happy/pleased
L-R,2,欧,795,,区,,,,,,欠,,,,2024-01-25 22:53:01,,Y,,from HSK,Europe (abbr. for 歐洲|欧洲[Ou1 zhou1])/surname Ou
L-R,2,欮,13687,,屰,,,,,,欠,,,,2024-01-21 12:32:50,,Y,,,
L-R,2,欽,13693,,金,,,,,,欠,,,,2024-01-21 12:38:49,欠皃。从欠金聲。,Y,,,
L-R,2,此,135,,止,,,,,,匕,,,,,止也。从止从匕。匕，相比次也。凡此之屬皆从此。,Y,1082,in HSK,
L-R,2,歫,5696,,止,,,,,,巨,,,,,止也。从止巨聲。一曰搶也。一曰超歫。,Y,1067,,
L-R,2,歼,5122,,歹,,,,,,千,,,,2024-01-16 23:11:52,,Y,,from HSK,"to annihilate/abbr. for 殲擊機|歼击机[jian1 ji1 ji1], fighter plane"
L-R,2,殴,7832,,区,,,,,,殳,,,,2025-02-16 12:53:21,,Y,,from HSK,to beat up/to hit sb
L-R,2,段,3218,,?,,,,,,殳,,,,2025-02-16 12:49:55,,Y,,from HSK / incomplete,"paragraph/section/segment/stage (of a process)/classifier for stories, periods of time, lengths of thread etc"
L-R,2,殷,11511,,㐆,,,,,,殳,,,,,作樂之盛稱殷。从㐆从殳。《易》曰：“殷薦之上帝。”,Y,5229,in HSK,
L-R,2,殸,8611,,声,,,,,,殳,,,,2025-02-16 12:53:09,,Y,,incomplete,
L-R,2,殹,11921,,医,,,,,,殳,,,,2024-01-20 18:01:26,擊中聲也。从殳医聲。,Y,1960,,
L-R,2,毅,11922,,豙,,,,,,殳,,,,2025-02-16 12:52:17,妄怒也。一曰有決也。从殳豙聲。,Y,1964,in HSK,
L-R,2,毈,3219,,卵,,,,,,段,,,,,卵不孚也。从卵段聲。,Y,8967,,
L-R,2,毐,13522,,士,,,,,,毋,,,,,人無行也。从士从毋。賈侍中說：秦始皇母與嫪毐淫，坐誅，故世罵淫曰嫪毐。讀若娭。,Y,8315,,
L-R,2,比,1633,,匕,,,,,,匕 ,,,,2024-01-14 12:49:29,密也。二人爲从，反从爲比。凡比之屬皆从比。,Y,5205,in HSK,
L-R,2,毖,1664,,比,,,,,,必,,,,,愼也。从比必聲。《周書》曰：“無毖于卹。”,Y,5206,,
L-R,2,没,192,,氵,,,,,,殳,,,,2025-02-16 12:49:27,,Y,,from HSK,(negative prefix for verbs) have not;  not
L-R,2,浸,5481,,氵,,,,,彐,冖,又,,,2025-02-16 11:28:00,,Y,,from HSK,to immerse/to soak/to steep/gradually
L-R,2,消,26,,氵,,,,,,肖,,,,,盡也。从水肖聲。,Y,7304,in HSK,
L-R,2,滂,7904,,氵,,,,,,旁,,,,2025-02-16 12:36:06,沛也。从水㫄聲。,Y,7121,,
L-R,2,炊,2506,,火,,,,,,欠,,,,2024-01-26 16:59:21,,Y,,from HSK,to cook food
L-R,2,煩,13581,,火,,,,,,页,,,,2024-01-20 22:51:02,熱頭痛也。从頁从火。一曰焚省聲。,Y,,,
L-R,2,熏,11410,,屮,,,,,,黑,,,,,火煙上出也。从屮从黑。屮黑，熏黑也。,Y,239,in HSK,
L-R,2,牂,12576,,爿,,,,,,羊,,,,2024-01-20 18:13:10,牡羊也。从羊爿聲。,Y,2332,,
L-R,2,牄,8449,,倉,,,,,,爿,,,,,鳥獸來食聲也。从倉爿聲。《虞書》曰：“鳥獸牄牄。”,Y,3263,,
L-R,2,版,1464,,片,,,,,,反,,,,,判也。从片反聲。,Y,4340,in HSK,
L-R,2,牏,10181,,片,,,,,,俞,,,,,築牆短版也。从片俞聲。讀若俞。一曰若紐。,Y,4346,,
L-R,2,牒,3075,,片,,,,,,枼,,,,,札也。从片枼聲。,Y,4343,,
L-R,2,猌,13945,,來,,,,,,犬,,,,2024-02-07 23:14:48,犬張齗怒也。从犬來聲。讀又若銀。,Y,,,
L-R,2,现,10956,,王,,,,,,见,,,,2024-01-23 22:56:07,,Y,,from HSK,to appear/present/now/existing/current
L-R,2,琶,7855,,珡,,,,,,巴,,,,,琵琶也。从珡巴聲。義當用枇杷。,Y,8367,,
L-R,2,瓞,3076,,瓜,,,,,,失,,,,,㼎也。从瓜失聲。《詩》曰：“緜緜瓜瓞。”,Y,4527,,
L-R,2,瓠,4590,,瓜,,,,,,夸,,,,,匏也。从瓜夸聲。凡瓠之屬皆从瓠。,Y,4532,,
L-R,2,瓢,8093,,票,,,,,,瓜,,,,2024-01-25 22:08:47,,Y,,from HSK,dipper/ladle
L-R,2,甛,10038,,甘,,,,,,舌,,,,,美也。从甘从舌。舌，知甘者。,Y,3023,,
L-R,2,甜,10039,,舌,,,,,,甘,,,,2024-01-27 12:50:42,,Y,,from HSK,sweet
L-R,2,甹,8131,,丂,,,,,,由,,,,,亟詞也。从丂从由。或曰甹，俠也。三輔謂輕財者爲甹。,Y,3038,,
L-R,2,畀,1674,,丌,,,,,,甶,,,,,相付與之。約在閣上也。从丌甶聲。,Y,3009,,
L-R,2,的,141,,白,,,,,,勺,,,,2024-01-25 22:50:48,,Y,,from HSK,(bound form) bull's-eye;  target
L-R,2,皋,3866,,𠦍,,,,,,白,,,,,气皐白之進也。从𠦍从白。《禮》：祝曰臯，登謌曰奏。故臯奏皆从夲。《周禮》曰：“詔來鼓皐舞。”皐，告之也。,Y,6627,,
L-R,2,皱,13141,,刍,,,,,,皮,,,,2024-01-27 09:35:44,,Y,,from HSK,to wrinkle/wrinkled/to crease
L-R,2,皴,2694,,皮,,,,,,夋,,,,,皮細起也。从皮夋聲。,Y,1984,,
L-R,2,睛,251,,目,,,,,,青,,,,2024-01-27 18:35:35,,Y,,from HSK,eye;  eyeball
L-R,2,瞢,7257,,𥄕,,,,,,䀏,,,,,目不明也。从𥄕从䀏。䀏，目數搖也。,Y,2320,,
L-R,2,矜,5450,,矛,,,,,,今,,,,,矛柄也。从矛今聲。,Y,9463,,
L-R,2,矣,11870,,矢,,,,,,以,,,,,語已詞也。从矢以聲。,Y,3301,,
L-R,2,知,12957,,矢,,,,,,口,,,,2024-01-18 20:57:13,詞也。从口从矢。,Y,3300,in HSK,
L-R,2,矩,5673,,矢,,,,,,巨,,,,2024-01-26 23:54:28,,Y,,from HSK,carpenter's square/rule/regulation/pattern/to carve
L-R,2,短,3214,,矢,,,,,,豆,,,,,有所長短，以矢爲正。从矢豆聲。,Y,3298,in HSK,
L-R,2,矮,1295,,矢,,,,,,委,,,,,短人也。从矢委聲。,Y,3302,in HSK,
L-R,2,矰,12643,,矢,,,,,,曾,,,,,隿䠶矢也。从矢曾聲。,Y,3295,,
L-R,2,矿,6097,,石,,,,,,广,,,,2024-01-26 16:14:28,,Y,,from HSK,ore/mine  to embrace/to fasten (with a rope etc)/to take on (responsibility etc)  to canvass
L-R,2,砍,5887,,石,,,,,,欠,,,,2024-01-26 23:56:03,,Y,,from HSK,to chop/to cut down/to throw sth at sb
L-R,2,硕,9565,,石,,,,,,页,,,,2024-01-28 12:08:05,,Y,,from HSK,large/big
L-R,2,碍,1309,,石,,,,,,㝵,,,,2024-01-27 18:37:41,,Y,,from HSK,to hinder/to obstruct/to block
L-R,2,磅,1496,,石,,,,,,旁,,,,2025-02-16 12:37:01,,Y,,from HSK,"see 磅秤 scale/platform balance/(loanword) pound (unit of weight, about 454 grams)"
L-R,2,磔,12829,,桀,,,,,,石,,,,,辜也。从桀石聲。,Y,3394,,
L-R,2,祋,13811,,礻,,,,,,殳,,,,2025-02-16 12:51:00,殳也。从殳示聲。或說城郭市里，高縣羊皮，有不當入而欲入者，暫下以驚牛馬曰祋。故从示、殳。《詩》曰：“何戈與祋。”,Y,,,
L-R,2,积,4895,,禾,,,,,,只,,,,2024-01-27 09:00:23,,Y,,from HSK,to amass/to accumulate/to store/measured quantity (such as area of volume)/product (the result of multiplication)/to integrate (math.)/to solve (or integrate) an ordinary differential equation (math.)/old/long-standing
L-R,2,穌,13605,,鱼,,,,,,禾,,,,2024-01-21 00:40:14,把取禾若也。从禾魚聲。,Y,,,
L-R,2,竝,13735,,立,,,,,,立,,,,2024-01-23 22:02:54,,Y,,,
L-R,2,竺,1244,,二,,,,,,竹,,,,,厚也。从二竹聲。,Y,8972,,
L-R,2,粘,7679,,米,,,,,,占,,,,2024-01-27 12:33:56,,Y,,from HSK,variant of 黏[nian2]
L-R,2,粼,6684,,巜,,,,,,粦,,,,,水生厓石閒粼粼也。从巜粦聲。,Y,7442,,
L-R,2,緜,13682,,帛,,,,,,系,,,,2024-01-21 11:57:06,聮微也。从系从帛。,Y,,,
L-R,2,缠,2105,,纟,,,,,丶,厘,,,,2025-02-16 11:59:17,,Y,,from HSK,to wind around/to wrap round/to coil/tangle/to involve/to bother/to annoy
L-R,2,羖,4073,,羊,,,,,,殳,,,,2025-02-16 12:50:19,夏羊牡曰羖。从羊殳聲。,Y,2334,,
L-R,2,群,8805,,君,,,,,,羊,,,,2024-01-27 21:56:44,,Y,,from HSK,"group/crowd/flock, herd, pack etc"
L-R,2,羲,1041,,兮,,,,,,義,,,,,气也。从兮義聲。,Y,3048,,
L-R,2,羽,12309,,习,,,,,,习,,,,2024-01-17 00:11:33,,Y,,from HSK,feather/5th note in pentatonic scale
L-R,2,耎,8961,,亣,,,,,,而,,,,,稍前大也。从亣而聲。讀若畏偄。,Y,6638,,
L-R,2,耏,3378,,而,,,,,,彡,,,,,罪不至髡也。从而从彡。,Y,6046,,
L-R,2,耐,87,,而,,,,,,寸,,,,2024-01-26 23:19:43,,Y,,from HSK,(bound form) to bear;  to endure
L-R,2,耕,3962,,耒,,,,,,井,,,,,犂也。从耒井聲。一曰古者井田。,Y,2809,in HSK,
L-R,2,耗,4375,,耒,,,,,,毛,,,,2024-01-27 00:57:15,,Y,,from HSK,to waste/to spend/to consume/to squander/news/(coll.) to delay/to dilly-dally
L-R,2,耡,2429,,耒,,,,,,助,,,,,商人七十而耡。耡，耤稅也。从耒助聲。《周禮》曰：“以興耡利萌。”,Y,2814,,
L-R,2,耦,7843,,耒,,,,,,禺,,,,,耒廣五寸爲伐，二伐爲耦。从耒禺聲。,Y,2810,,
L-R,2,耪,7919,,耒,,,,,,旁,,,,2025-02-16 12:34:23,,Y,,,
L-R,2,股,4074,,月,,,,,,殳,,,,2025-02-16 12:53:37,髀也。从肉殳聲。,Y,2626,in HSK,
L-R,2,肸,10830,,十,,,,,,䏌,,,,,響，布也。从十从䏌。,Y,1462,,
L-R,2,胡,4561,,古,,,,,,月,,,,2024-01-17 01:30:22,牛𩔞垂也。从肉古聲。,Y,2667,in HSK,
L-R,2,膀,1489,,月,,,,,,旁,,,,2025-02-16 12:35:18,脅也。从肉㫄聲。,Y,2609,in HSK,
L-R,2,臤,13734,,臣,,,,,,又,,,,2024-01-21 19:09:39,堅也。从又臣聲。凡臤之屬皆从臤。讀若鏗鏘之鏗。古文以爲賢字。,Y,,,
L-R,2,致,13054,,夊,,,,,,至,,,,,送詣也。从夊从至。,Y,3350,in HSK,
L-R,2,臻,12872,,至,,,,,,秦,,,,,至也。从至秦聲。,Y,7670,,
L-R,2,舁,12267,,𦥑,,,,,,廾,,,,,共舉也。从𦥑从廾。凡舁之屬皆从舁。讀若余。,Y,1772,,
L-R,2,舒,9472,,舍,,,,,,予,,,,,伸也。从舍从予，予亦聲。一曰舒，緩也。,Y,2501,in HSK,
L-R,2,般,1458,,舟,,,,,,殳,,,,2025-02-16 12:49:36,辟也。象舟之旋，从舟。从殳，殳，所以旋也。,Y,5422,in HSK,
L-R,2,艴,3689,,色,,,,,,弗,,,,,色艴如也。从色弗聲。《論語》曰：“色艴如也。”,Y,5764,,
L-R,2,菐,8201,,丵,,,,,,廾,,,,,瀆菐也。从丵从廾，廾亦聲。凡菐之屬皆从菐。,Y,1745,,
L-R,2,虹,4490,,虫,,,,,,工,,,,,螮蝀也。狀似蟲。从虫工聲。《明堂月令》曰：“虹始見。”,Y,8890,in HSK,
L-R,2,蚌,1500,,虫,,,,,,丰,,,,2024-01-28 11:42:49,蜃屬。从虫𡴀聲。,Y,8860,in HSK,
L-R,2,蚔,8293,,虫,,,,,,氏,,,,,䖯也。从虫氏聲。,Y,8776,,
L-R,2,蚖,12431,,虫,,,,,,元,,,,,榮蚖，蛇醫，以注鳴者。从虫元聲。,Y,8761,,
L-R,2,蚦,8813,,虫,,,,,,冄,,,,,大蛇。可食。从虫冄聲。,Y,8744,,
L-R,2,蚨,3699,,虫,,,,,,夫,,,,,青蚨，水蟲，可還錢。从虫夫聲。,Y,8868,,
L-R,2,蚳,2318,,虫,,,,,,氐,,,,,螘子也。从虫氐聲。《周禮》有蚳醢。讀若祁。,Y,8793,,
L-R,2,蛁,3045,,虫,,,,,,召,,,,,蟲也。从虫召聲。,Y,8750,,
L-R,2,蛄,4051,,虫,,,,,,古,,,,,螻蛄也。从虫古聲。,Y,8789,,
L-R,2,蛅,8815,,虫,,,,,,占,,,,,蛅斯，墨也。从虫占聲。,Y,8805,,
L-R,2,蛉,6741,,虫,,,,,,令,,,,,蜻蛉也。从虫令聲。一名桑桹。,Y,8831,in HSK,
L-R,2,蛓,2600,,虫,,,,,,𢦔,,,,,毛蟲也。从虫𢦔聲。,Y,8774,,
L-R,2,蛔,4765,,虫,,,,,,回,,,,2024-01-28 12:57:02,,Y,,from HSK,roundworm/Ascaris lumbricoides
L-R,2,蛘,11660,,虫,,,,,,羊,,,,,搔蛘也。从虫羊聲。,Y,8849,,
L-R,2,蛚,6660,,虫,,,,,,列,,,,,蜻蛚也。从虫列聲。,Y,8829,,
L-R,2,蛟,5291,,虫,,,,,,交,,,,,龍之屬也。池魚滿三千六百，蛟來爲之長，能率魚飛。置笱水中，卽蛟去。从虫交聲。,Y,8851,,
L-R,2,蛣,5416,,虫,,,,,,吉,,,,,蛣䖦，蝎也。从虫吉聲。,Y,8768,,
L-R,2,蛧,10401,,虫,,,,,,网,,,,,蛧蜽，山川之精物也。淮南王說：蛧蜽，狀如三歲小兒，赤黑色，赤目，長耳，美髮。从虫网聲。《國語》曰：“木石之怪夔蛧蜽。”,Y,8878,,
L-R,2,蛭,13055,,虫,,,,,,至,,,,,蟣也。从虫至聲。,Y,8766,,
L-R,2,蛵,11187,,虫,,,,,,巠,,,,,丁蛵，負勞也。从虫巠聲。,Y,8771,,
L-R,2,蛸,9196,,虫,,,,,,肖,,,,,𧓎蛸，堂蜋子。从虫肖聲。,Y,8800,,
L-R,2,蛹,12162,,虫,,,,,,甬,,,,,繭蟲也。从虫甬聲。,Y,8752,in HSK,
L-R,2,蛾,3311,,虫,,,,,,我,,,,,羅也。从虫我聲。,Y,8791,in HSK,
L-R,2,蜉,3700,,虫,,,,,,寽,,,,,商何也。从虫寽聲。,Y,8837,,
L-R,2,蜎,12403,,虫,,,,,,肙,,,,,蜎也。从虫肙聲。,Y,8863,,
L-R,2,蜙,9631,,虫,,,,,,松,,,,,蜙蝑，以股鳴者。从虫松聲。,Y,8819,,
L-R,2,蜢,7272,,虫,,,,,,孟,,,,,虴蜢也。从虫孟聲。,Y,8898,,
L-R,2,蜩,10070,,虫,,,,,,周,,,,,蟬也。从虫周聲。《詩》曰：“五月鳴蜩。”,Y,8823,,
L-R,2,蜮,12365,,虫,,,,,,或,,,,,短狐也。似鼈，三足，以气䠶害人。从虫或聲。,Y,8876,,
L-R,2,蜻,8589,,虫,,,,,,青,,,,,蜻蛚也。从虫青聲。,Y,8830,in HSK,
L-R,2,蜽,6589,,虫,,,,,,兩,,,,,蛧蜽也。从虫兩聲。,Y,8879,,
L-R,2,蝎,11076,,虫,,,,,,曷,,,,,蝤蠐也。从虫曷聲。,Y,8780,in HSK,
L-R,2,蝑,11272,,虫,,,,,,胥,,,,,蜙蝑也。从虫胥聲。,Y,8820,,
L-R,2,蝒,7330,,虫,,,,,,面,,,,,馬蜩也。从虫面聲。,Y,8796,,
L-R,2,蝓,12273,,虫,,,,,,俞,,,,,虒蝓也。从虫俞聲。,Y,8862,,
L-R,2,蝘,11587,,虫,,,,,,匽,,,,,在壁曰蝘蜓，在艸曰蜥易。从虫匽聲。,Y,8759,,
L-R,2,蝝,12432,,虫,,,,,,彖,,,,,復陶也。劉歆說：蝝，蚍蜉子。董仲舒說：蝗子也。从虫彖聲。,Y,8787,,
L-R,2,蝤,8661,,虫,,,,,,酋,,,,,蝤𧓉也。从虫酋聲。,Y,8778,,
L-R,2,蝮,3757,,虫,,,,,,复,,,,,虫也。从虫复聲。,Y,8742,,
L-R,2,螃,7913,,虫,,,,,,旁,,,,2024-01-25 22:05:25,,Y,,from HSK,crab
L-R,2,螉,10560,,虫,,,,,,翁,,,,,蟲，在牛馬皮者。从虫翁聲。,Y,8747,,
L-R,2,融,8903,,鬲,,,,,,虫,,,,2024-01-27 23:14:58,,Y,,from HSK,to melt/to thaw/to blend/to merge/to be in harmony
L-R,2,螘,11873,,虫,,,,,,豈,,,,,蚍蜉也。从虫豈聲。,Y,8792,,
L-R,2,螟,7431,,虫,,,,,,冥,,,,,蟲食穀葉者。吏冥冥犯法卽生螟。从虫从冥，冥亦聲。,Y,8763,in HSK,
L-R,2,螣,9974,,虫,,,,,,朕,,,,,神蛇也。从虫朕聲。,Y,8743,,
L-R,2,螭,2304,,虫,,,,,,离,,,,,若龍而黃，北方謂之地螻。从虫离聲。或云無角曰螭。,Y,8852,,
L-R,2,螳,9916,,虫,,,,,,堂,,,,,螳蜋也。从虫堂聲。,Y,8900,,
L-R,2,螾,12048,,虫,,,,,,寅,,,,,側行者。从虫寅聲。,Y,8746,,
L-R,2,蟀,9527,,虫,,,,,,率,,,,2024-01-25 22:23:21,,Y,,from HSK,used in 蟋蟀[xi1 shuai4]
L-R,2,蟅,12848,,虫,,,,,,庶,,,,,蟲也。从虫庶聲。,Y,8821,,
L-R,2,蟆,7045,,虫,,,,,,莫,,,,,蝦蟆也。从虫莫聲。,Y,8871,in HSK,
L-R,2,蟊,7137,,䖵,,,,,,矛,,,,,蠿蟊也。从䖵矛聲。,Y,8910,,
L-R,2,蟋,10756,,虫,,,,,,悉,,,,,蟋𧍓也。从虫悉聲。,Y,8899,in HSK,
L-R,2,蟜,5327,,虫,,,,,,喬,,,,,蟲也。从虫喬聲。,Y,8773,,
L-R,2,蟠,7890,,虫,,,,,,番,,,,,鼠婦也。从虫番聲。,Y,8817,,
L-R,2,蟥,4716,,虫,,,,,,黃,,,,,𧑐蟥也。从虫黃聲。,Y,8803,,
L-R,2,蟪,4801,,虫,,,,,,惠,,,,,蟪蛄，蟬也。从虫惠聲。,Y,8895,,
L-R,2,蟺,9153,,虫,,,,,,亶,,,,,夗蟺也。从虫亶聲。,Y,8864,,
L-R,2,蠉,11347,,虫,,,,,,瞏,,,,,蟲行也。从虫瞏聲。,Y,8841,,
L-R,2,蠓,7273,,虫,,,,,,蒙,,,,,蠛蠓也。从虫蒙聲。,Y,8832,,
L-R,2,蠖,4861,,虫,,,,,,蒦,,,,,尺蠖，屈申蟲。从虫蒦聲。,Y,8786,,
L-R,2,蠗,13337,,虫,,,,,,翟,,,,,禺屬。从虫翟聲。,Y,8881,,
L-R,2,蠛,7386,,虫,,,,,,蔑,,,,,蠛蠓，細蟲也。从虫蔑聲。,Y,8896,,
L-R,2,蠡,6421,,䖵,,,,,,彖,,,,,蟲齧木中也。从䖵彖聲。,Y,8921,,
L-R,2,蠰,9183,,虫,,,,,,襄,,,,,𧒾蠰也。从虫襄聲。,Y,8798,,
L-R,2,蠵,10757,,虫,,,,,,巂,,,,,大龜也。以胃鳴者。从虫巂聲。,Y,8872,,
L-R,2,蠸,8759,,虫,,,,,,雚,,,,,蟲也。一曰大螫也。讀若蜀都布名。从虫雚聲。,Y,8762,,
L-R,2,蠹,3207,,䖵,,,,,,橐,,,,,木中蟲。从䖵橐聲。,Y,8920,,
L-R,2,蠽,5418,,䖵,,,,,,𢧵,,,,,小蟬蜩也。从䖵𢧵聲。,Y,8908,,
L-R,2,衁,4696,,血,,,,,,亡,,,,,血也。从血亡聲。《春秋傳》曰：“士刲羊，亦無𥁃也。”,Y,3153,,
L-R,2,衄,7802,,血,,,,,,丑,,,,,鼻出血也。从血丑聲。,Y,3157,,
L-R,2,衎,5896,,行,,,,,,干,,,,,行喜皃。从行干聲。,Y,1273,,
L-R,2,衙,11484,,行,,,,,,吾,,,,,行皃。从行吾聲。,Y,1272,in HSK,
L-R,2,衢,8719,,行,,,,,,瞿,,,,,四達謂之衢。从行瞿聲。,Y,1268,,
L-R,2,覂,3619,,襾,,,,,,乏,,,,,反覆也。从襾乏聲。,Y,4829,,
L-R,2,覜,10086,,見,,,,,,兆,,,,,諸矦三年大相聘曰頫。頫，視也。从見兆聲。,Y,5488,,
L-R,2,覰,8735,,見,,,,,,虘,,,,,拘覰，未致密也。从見虘聲。,Y,5465,,
L-R,2,规,4203,,夫,,,,,,见,,,,2024-01-18 02:11:08,,Y,,from HSK,compass/a rule/regulation/to admonish/to plan/to scheme
L-R,2,譱,9156,,誩,,,,,,羊,,,,,吉也。从誩从羊。此與義美同意。,Y,1728,,
L-R,2,设,51,,讠,,,,,,殳,,,,2025-02-16 12:49:22,,Y,,from HSK,to set up;  to put in place/(math.) given
L-R,2,谤,1502,,讠,,,,,,旁,,,,2025-02-16 12:37:09,,Y,,from HSK,to slander/to defame/to speak ill of
L-R,2,豁,284,,害,,,,,,谷,,,,2024-01-28 13:26:13,,Y,,from HSK,open;  clear
L-R,2,豅,6830,,谷,,,,,,龍,,,,,大長谷也。从谷龍聲。讀若聾。,Y,7466,,
L-R,2,豑,13062,,豊,,,,,,弟,,,,,爵之次弟也。从豊从弟。《虞書》曰：“平豑東作。”,Y,3087,,
L-R,2,豫,12370,,象,,,,,,予,,,,,象之大者。賈侍中說：不害於物。从象予聲。,Y,6105,in HSK,
L-R,2,貤,11848,,貝,,,,,,也,,,,,重次弟物也。从貝也聲。,Y,3944,,
L-R,2,賏,12121,,贝,,,,,,贝,,,,2024-01-23 22:13:00,,Y,,,
L-R,2,賨,2628,,貝,,,,,,宗,,,,,南蠻賦也。从貝宗聲。,Y,3973,,
L-R,2,賮,5491,,貝,,,,,,纬,,,,,會禮也。从貝纬聲。,Y,3932,,
L-R,2,賸,9323,,貝,,,,,,朕,,,,,物相增加也。从貝朕聲。一曰送也，副也。,Y,3937,,
L-R,2,财,1949,,贝,,,,,,才,,,,2024-01-18 01:58:17,,Y,,from HSK,money/wealth/riches/property/valuables
L-R,2,败,1446,,贝,,,,,,攵,,,,2024-01-25 22:55:14,,Y,,from HSK,to defeat/to damage/to lose (to an opponent)/to fail/to wither
L-R,2,贿,4804,,贝,,,,,,有,,,,2024-01-27 09:00:12,,Y,,from HSK,(bound form) bribery
L-R,2,赂,6919,,贝,,,,,,各,,,,2024-01-28 12:00:25,,Y,,from HSK,bribe/bribery
L-R,2,赖,6231,,束,,,,,,负,,,,2024-01-27 18:55:35,,Y,,from HSK,to depend on/to hang on in a place/bad/to renege (on promise)/to disclaim/to rat (on debts)/rascally/to blame/to put the blame on
L-R,2,赧,7587,,赤,,,,,,𠬝,,,,,面慙赤也。从赤𠬝聲。周失天下於赧王。,Y,6556,,
L-R,2,赫,4433,,赤,,,,,,赤,,,,2024-01-28 14:54:58,,Y,,from HSK,"awe-inspiring/abbr. for 赫茲|赫兹[he4 zi1], hertz (Hz)"
L-R,2,赭,12842,,赤,,,,,,者,,,,,赤土也。从赤者聲。,Y,6559,,
L-R,2,趼,5180,,足,,,,,,幵,,,,,獸足企也。从足幵聲。,Y,1406,,
L-R,2,趿,9800,,足,,,,,,及,,,,,進足有所擷取也。从足及聲。《爾雅》曰：“趿謂之擷。”,Y,1376,,
L-R,2,跂,4909,,足,,,,,,支,,,,,足多指也。从足支聲。,Y,1409,,
L-R,2,跋,1408,,足,,,,,,犮,,,,,蹎跋也。从足犮聲。,Y,1382,in HSK,
L-R,2,跌,3064,,足,,,,,,失,,,,,踼也。从足失聲。一曰越也。,Y,1384,in HSK,
L-R,2,跎,10289,,足,,,,,,它,,,,,蹉跎也。从足它聲。,Y,1414,,
L-R,2,跖,12991,,足,,,,,,石,,,,,足下也。从足石聲。,Y,1329,,
L-R,2,跛,1902,,足,,,,,,皮,,,,,行不正也。从足皮聲。一曰足排之。讀若彼。,Y,1391,in HSK,
L-R,2,距,5708,,足,,,,,,巨,,,,,雞距也。从足巨聲。,Y,1399,in HSK,
L-R,2,跟,3948,,足,,,,,,艮,,,,2024-01-27 18:48:24,足踵也。从足𥃩聲。,Y,1327,in HSK,
L-R,2,跣,10940,,足,,,,,,先,,,,,足親地也。从足先聲。,Y,1396,,
L-R,2,跧,8761,,足,,,,,,全,,,,,蹴也。一曰卑也，絭也。从足全聲。,Y,1348,,
L-R,2,跨,6050,,足,,,,,,夸,,,,,渡也。从足夸聲。,Y,1351,in HSK,
L-R,2,跪,4226,,足,,,,,,危,,,,,拜也。从足危聲。,Y,1331,in HSK,
L-R,2,路,226,,足,,,,,,各,,,,,道也。从足从各。,Y,1407,in HSK,
L-R,2,跲,5082,,足,,,,,,合,,,,,躓也。从足合聲。,Y,1379,,
L-R,2,跳,10087,,足,,,,,,兆,,,,,蹶也。从足兆聲。一曰躍也。,Y,1369,in HSK,
L-R,2,跽,5032,,足,,,,,,忌,,,,,長跪也。从足忌聲。,Y,1332,,
L-R,2,踊,12165,,足,,,,,,甬,,,,,跳也。从足甬聲。,Y,1345,in HSK,
L-R,2,踒,10582,,足,,,,,,委,,,,,足跌也。从足委聲。,Y,1395,,
L-R,2,踔,2549,,足,,,,,,㔬,,,,,踶也。从足㔬聲。,Y,1358,,
L-R,2,踖,4959,,足,,,,,,㫺,,,,,長脛行也。从足㫺聲。一曰踧踖。,Y,1335,,
L-R,2,踝,4639,,足,,,,,,果,,,,,足踝也。从足果聲。,Y,1328,,
L-R,2,踞,5709,,足,,,,,,居,,,,,蹲也。从足居聲。,Y,1387,,
L-R,2,踣,1892,,足,,,,,,咅,,,,,僵也。从足咅聲。《春秋傳》曰：“晉人踣之。”,Y,1390,,
L-R,2,踤,2646,,足,,,,,,卒,,,,,觸也。从足卒聲。一曰駭也。一曰蒼踤。,Y,1367,,
L-R,2,踦,4975,,足,,,,,,奇,,,,,一足也。从足奇聲。,Y,1330,,
L-R,2,踧,2647,,足,,,,,,叔,,,,,行平易也。从足叔聲。《詩》曰：“踧踧周道。”,Y,1333,,
L-R,2,踵,13098,,足,,,,,,重,,,,,追也。从足重聲。一曰往來皃。,Y,1357,,
L-R,2,踶,2996,,足,,,,,,是,,,,,躛也。从足是聲。,Y,1361,,
L-R,2,踼,9918,,足,,,,,,昜,,,,,跌踼也。从足昜聲。一曰搶也。,Y,1385,,
L-R,2,踽,5679,,足,,,,,,禹,,,,,䟽行皃。从足禹聲。《詩》曰：“獨行踽踽。”,Y,1336,,
L-R,2,蹁,8078,,足,,,,,,扁,,,,,足不正也。从足扁聲。一曰拖後足馬。讀若苹。或曰徧。,Y,1393,,
L-R,2,蹈,2883,,足,,,,,,舀,,,,,踐也。从足舀聲。,Y,1354,in HSK,
L-R,2,蹉,2704,,足,,,,,,差,,,,,蹉跎，失時也。从足差聲。,Y,1413,,
L-R,2,蹋,9819,,足,,,,,,𦐇,,,,,踐也。从足𦐇聲。,Y,1352,in HSK,
L-R,2,蹎,3009,,足,,,,,,眞,,,,,跋也。从足眞聲。,Y,1381,,
L-R,2,蹐,4960,,足,,,,,,𦟝,,,,,小步也。从足𦟝聲。《詩》曰：“不敢不蹐。”,Y,1383,,
L-R,2,蹠,12992,,足,,,,,,庶,,,,,楚人謂跳躍曰蹠。从足庶聲。,Y,1373,,
L-R,2,蹬,2914,,足,,,,,,登,,,,,蹭蹬也。从足登聲。,Y,1412,in HSK,
L-R,2,蹭,2032,,足,,,,,,曾,,,,,蹭蹬，失道也。从足曾聲。,Y,1411,in HSK,
L-R,2,蹮,10894,,足,,,,,,䙴,,,,,蹁蹮，旋行。从足䙴聲。,Y,1410,,
L-R,2,蹲,3245,,足,,,,,,尊,,,,,踞也。从足尊聲。,Y,1386,in HSK,
L-R,2,蹴,2649,,足,,,,,,就,,,,,躡也。从足就聲。,Y,1349,,
L-R,2,蹶,5800,,足,,,,,,厥,,,,,僵也。从足厥聲。一曰跳也。亦讀若橜。,Y,1368,,
L-R,2,躅,13183,,足,,,,,,蜀,,,,,蹢躅也。从足蜀聲。,Y,1366,,
L-R,2,躔,2111,,足,,,,,,廛,,,,,踐也。从足廛聲。,Y,1355,,
L-R,2,躣,8721,,足,,,,,,瞿,,,,,行皃。从足瞿聲。,Y,1334,,
L-R,2,躧,10804,,足,,,,,,麗,,,,,舞履也。从足麗聲。,Y,1400,,
L-R,2,躩,5801,,足,,,,,,矍,,,,,足躩如也。从足矍聲。,Y,1389,,
L-R,2,躬,3991,,身,,,,,,弓,,,,2024-01-27 08:56:09,,Y,,from HSK,"body (of a human, esp. the torso)/to bow/(literary) oneself; personally"
L-R,2,轧,3778,,车,,,,,,乚,,,,2024-01-14 15:20:28,,Y,,from HSK,to crush together (in a crowd)/to make friends/to check (accounts)
L-R,2,轨,14,,车,,,,,,九,,,,2024-01-15 12:42:01,,Y,,from HSK,(bound form) rail;  track
L-R,2,转,13250,,车,,,,,,专,,,,2024-01-26 16:43:05,,Y,,from HSK,to turn/to change direction/to transfer/to forward (mail)/(Internet) to share (sb else's content)
L-R,2,软,8962,,车,,,,,,欠,,,,2024-01-26 16:28:20,,Y,,from HSK,soft/flexible
L-R,2,辞,2582,,舌,,,,,,辛,,,,2024-01-27 18:44:37,,Y,,from HSK,to resign/to dismiss/to decline/to take leave/ballad (archaic poetic genre)/variant of 詞|词[ci2]
L-R,2,辣,6207,,辛,,,,,,束,,,,2024-01-27 21:44:10,,Y,,from HSK,"hot (spicy)/pungent/(of chili pepper, raw onions etc) to sting/to burn"
L-R,2,邓,423,,又,,,,,,阝,,,,2024-01-27 23:40:56,,Y,,from HSK,surname Deng
L-R,2,邢,1072,,开,,,,,,阝,,,,2024-01-27 23:41:39,,Y,,from HSK,surname Xing/place name
L-R,2,野,11759,,里,,,,,,予,,,,,郊外也。从里予聲。,Y,9124,in HSK,
L-R,2,镻,3092,,長,,,,,,失,,,,,蛇惡毒長也。从長失聲。,Y,6041,,
L-R,2,閒,5229,,門,,,,,,月,,,,,隟也。从門从月。,Y,7722,,
L-R,2,閟,1706,,門,,,,,,必,,,,,閉門也。从門必聲。《春秋傳》曰：“閟門而與之言。”　,Y,7720,,
L-R,2,隆,6811,,阝,,,,,夂,一,生,,,2025-02-16 11:23:04,,Y,,from HSK,sound of drums
L-R,2,雔,13665,,隹,,,,,,隹,,,,2024-01-21 09:29:39,,Y,,,
L-R,2,雕,3047,,周,,,,,,隹,,,,2024-01-27 22:52:07,鷻也。从隹周聲。,Y,2286,in HSK,
L-R,2,雘,4865,,丹,,,,,,蒦,,,,,善丹也。从丹蒦聲。《周書》曰：“惟其𢾅丹雘。”讀若隺。,Y,3171,,
L-R,2,静,5556,,青,,,,,,争,,,,2024-01-27 21:43:11,,Y,,from HSK,still/calm/quiet/not moving
L-R,2,韎,7227,,韋,,,,,,末,,,,,茅蒐𣑱韋也。一入曰韎。从韋末聲。,Y,3369,,
L-R,2,韔,2177,,韋,,,,,,長,,,,,弓衣也。从韋長聲。《詩》曰：“交韔二弓。”,Y,3375,,
L-R,2,韘,9240,,韋,,,,,,枼,,,,,射決也。所以拘弦，以象骨，韋系，著右巨指。从韋枼聲。《詩》曰：“童子佩韘。”,Y,3373,,
L-R,2,韝,4014,,韋,,,,,,冓,,,,,射臂決也。从韋冓聲。,Y,3372,,
L-R,2,韣,3187,,韋,,,,,,蜀,,,,,弓衣也。从韋蜀聲。,Y,3374,,
L-R,2,韩,531,,龺,,,,,,韦,,,,2025-02-16 12:05:47,,Y,,from HSK,"Han, one of the Seven Hero States of the Warring States 戰國七雄|战国七雄/Korea from the fall of the Joseon dynasty in 1897/Korea, esp. South Korea 大韓民國|大韩民国/surname Han"
L-R,2,韱,10899,,韭,,,,,,㦰,,,,,山韭也。从韭㦰聲。,Y,4523,,
L-R,2,韶,9204,,音,,,,,,召,,,,,虞舜樂也。《書》曰：“《簫韶》九成，鳳皇來儀。”从音召聲。,Y,1734,,
L-R,2,頒,13841,,分,,,,,,页,,,,2024-01-25 08:36:43,,Y,,,
L-R,2,顶,3108,,丁,,,,,,页,,,,2024-01-26 15:59:47,,Y,,from HSK,"""apex/crown of the head/top/roof/most/to carry on the head/to push to the top/to go against/to replace/to substitute/to be subjected to (an aerial bombing, hailstorm etc)/(slang) to """"bump"""" a forum thread to raise its profile/classifier for headwear, hats, veils etc"""
L-R,2,项,11018,,工,,,,,,页,,,,2024-01-26 23:00:56,,Y,,from HSK,"back of neck/item/thing/term (in a mathematical formula)/sum (of money)/classifier for principles, items, clauses, tasks, research projects etc"
L-R,2,顾,4103,,厄,,,,,,页,,,,2024-01-27 08:56:23,,Y,,from HSK,to look after/to take into consideration/to attend to
L-R,2,顿,3259,,屯,,,,,,页,,,,2024-01-27 08:52:13,,Y,,from HSK,"to stop/to pause/to arrange/to lay out/to kowtow/to stamp (one's foot)/at once/classifier for meals, beatings, scoldings etc: time, bout, spell, meal"
L-R,2,颁,1459,,分,,,,,,页,,,,2024-01-28 11:41:57,,Y,,from HSK,to promulgate/to send out/to issue/to grant or confer
L-R,2,颂,9644,,公,,,,,,页,,,,2024-01-27 09:16:42,,Y,,from HSK,ode/eulogy/to praise in writing/to wish (in letters)
L-R,2,颅,6881,,卢,,,,,,页,,,,2024-01-28 12:00:15,,Y,,from HSK,forehead/skull
L-R,2,颇,8166,,皮,,,,,,页,,,,2024-01-28 13:03:31,,Y,,from HSK,rather/quite/considerably/oblique/inclined/slanting/Taiwan pr. [po3]
L-R,2,颊,5086,,夹,,,,,,页,,,,2024-01-28 12:55:44,,Y,,from HSK,cheeks
L-R,2,频,8123,,步,,,,,,页,,,,2024-01-25 01:43:48,,Y,,from HSK,frequency/frequently/repetitious
L-R,2,颓,10236,,秃,,,,,,页,,,,2024-01-28 15:12:36,,Y,,from HSK,to crumble/to collapse/to decline/to decay/decadent/dejected/dispirited/balding
L-R,2,颗,5946,,果,,,,,,页,,,,2024-01-27 21:43:55,,Y,,from HSK,"classifier for small spheres, pearls, corn grains, teeth, hearts, satellites etc"
L-R,2,颜,11558,,彦,,,,,,页,,,,2024-01-27 23:18:45,,Y,,from HSK,color/face/countenance
L-R,2,额,3316,,客,,,,,,页,,,,2024-01-27 22:53:11,,Y,,from HSK,forehead/horizontal tablet or inscribed board/specified number or amount  to allocate/to distinguish (good and bad)/(bound form) branch of (an organization)  sub- (as in 分局[fen1 ju2])/fraction/one tenth (of certain units)/unit of length equivalent to 0.33 cm/minute (unit of time)/minute (angular measurement unit)/a point (in sports or games)/0.01 yuan (unit of money)
L-R,2,颠,3011,,真,,,,,,页,,,,2024-01-27 22:51:51,,Y,,from HSK,top (of the head)/apex/to fall forwards/inverted/to jolt
L-R,2,颤,2137,,亶,,,,,,页,,,,2024-01-27 22:49:24,,Y,,from HSK,to tremble/to shiver/to shake/to vibrate/Taiwan pr. [zhan4]
L-R,2,飂,6625,,風,,,,,,翏,,,,,高風也。从風翏聲。,Y,8938,,
L-R,2,飘,8091,,票,,,,,,风,,,,2024-01-27 21:51:46,,Y,,from HSK,to float
L-R,2,饮,12053,,饣,,,,,,欠,,,,2024-01-23 22:59:29,,Y,,from HSK,to drink
L-R,2,馗,6123,,九,,,,,,首,,,,,九達道也。似龜背，故謂之馗。馗，高也。从九从首。,Y,9682,,
L-R,2,馥,3769,,香,,,,,,复,,,,,香气芬馥也。从香复聲。,Y,4454,,
L-R,2,馨,11161,,香,,,,,,殸,,,,,香之遠聞者。从香殸聲。殸，籒文磬。,Y,4453,,
L-R,2,驱,8697,,马,,,,,,区,,,,2024-01-23 22:49:19,,Y,,from HSK,to expel/to urge on/to drive/to run quickly;  variant of 驅|驱[qu1]
L-R,2,驶,9378,,马,,,,,,史,,,,2024-01-26 22:53:19,,Y,,from HSK,"(of a vehicle, horse etc) to go fast; to speed/(of a vehicle) to run; to go/(of a boat) to sail"
L-R,2,驼,10296,,马,,,,,,它,,,,2024-01-26 22:59:45,,Y,,from HSK,hump or hunchbacked/camel
L-R,2,骄,5296,,马,,,,,,乔,,,,2024-01-27 01:01:48,,Y,,from HSK,proud/arrogant
L-R,2,髟,1779,,長,,,,,,彡,,,,,長髮猋猋也。从長从彡。凡髟之屬皆从髟。,Y,5699,,
L-R,2,鬴,3736,,鬲,,,,,,甫,,,,,鍑屬。从鬲甫聲。,Y,1853,,
L-R,2,鬵,8417,,鬲,,,,,,兓,,,,,大釜也。一曰鼎大上小下若甑曰鬵。从鬲兓聲。讀若岑。,Y,1851,,
L-R,2,鬷,13416,,鬲,,,,,,㚇,,,,,釜屬。从鬲㚇聲。,Y,1849,,
L-R,2,鬻,12385,,𩰲,,,,,,米,,,,,䭈也。从𩰲米聲。,Y,1861,,
L-R,2,魏,10520,,委,,,,,,鬼,,,,2024-01-28 13:48:25,,Y,,from HSK,tower over a palace gateway (old)
L-R,2,鲫,5041,,鱼,,,,,,即,,,,2024-01-25 21:18:16,,Y,,from HSK,bastard carp/sand perch
L-R,2,鳑,7915,,鱼,,,,,,旁,,,,2025-02-16 12:33:11,,Y,,,
L-R,2,鸦,11467,,牙,,,,,,鸟,,,,2024-01-27 00:31:30,,Y,,from HSK,crow
L-R,2,鹅,3318,,我,,,,,,鸟,,,,2024-01-27 17:23:30,,Y,,from HSK,variant of 鵝|鹅[e2];  goose/CL:隻|只[zhi1]
L-R,2,鹤,4434,,隺,,,,,,鸟,,,,2024-01-25 21:11:21,,Y,,from HSK,crane
L-R,2,麮,8739,,麥,,,,,,去,,,,,麥甘鬻也。从麥去聲。,Y,3342,,
L-R,2,麰,7500,,麥,,,,,,牟,,,,,來麰，麥也。从麥牟聲。,Y,3334,,
L-R,2,麽,7457,,幺,,,,,,麻,,,,,細也。从幺麻聲。,Y,2490,,
L-R,2,黀,13437,,麻,,,,,,取,,,,,麻䕸也。从麻取聲。,Y,4514,,
L-R,2,黇,10030,,黃,,,,,,占,,,,,白黃色也。从黃占聲。,Y,9160,,
L-R,2,黏,7682,,黍,,,,,,占,,,,,相箸也。从黍占聲。,Y,4447,,
L-R,2,黻,3714,,黹,,,,,,犮,,,,,黑與青相次文。从黹犮聲。,Y,4923,,
L-R,2,黼,3738,,黹,,,,,,甫,,,,,白與黑相次文。从黹甫聲。,Y,4922,,
L-R,2,鼂,2191,,黽,,,,,,旦,,,,,匽鼂也。讀若朝。楊雄說：匽鼂，蟲名。杜林以爲朝旦，非是。从黽从旦。,Y,8964,,
L-R,2,鼄,13171,,黽,,,,,,朱,,,,,䵹鼄也。从黽朱聲。,Y,8963,,
L-R,2,鼏,7323,,鼎,,,,,,冂,,,,,以木橫貫鼎耳而舉之。从鼎冂聲。《周禮》：“廟門容大鼏七箇。” 即《易》“玉鉉大吉”也。,Y,4350,,
L-R,2,鼐,7569,,鼎,,,,,,乃,,,,,鼎之絕大者。从鼎乃聲。《魯詩》說：鼐，小鼎。,Y,4349,,
L-R,2,鼒,13373,,鼎,,,,,,才,,,,,鼎之圜掩上者。从鼎才聲。《詩》曰：“鼐鼎及鼒。”,Y,4348,,
L-R,2,鼙,8040,,鼓,,,,,,卑,,,,,騎鼓也。从鼓卑聲。,Y,3070,,
L-R,2,鼛,3877,,鼓,,,,,,咎,,,,,大鼓也。从鼓咎聲。《詩》曰：“鼛鼓不勝。”,Y,3068,,
L-R,2,鼽,8673,,鼻,,,,,,九,,,,,病寒鼻窒也。从鼻九聲。,Y,2227,,
L-R,2,鼾,4290,,鼻,,,,,,干,,,,,臥息也。从鼻干聲。讀若汗。,Y,2226,,
L-R,2,龄,6755,,齿,,,,,,令,,,,2024-01-27 18:58:30,,Y,,from HSK,"age/length of experience, membership etc"
L-R,2,龢,4419,,龠,,,,,,禾,,,,,調也。从龠禾聲。讀與和同。,Y,1426,,
L-R,2,龤,11107,,龠,,,,,,皆,,,,,樂和龤也。从龠皆聲。《虞書》曰：“八音克龤。”,Y,1427,,
L-R,2,𡚾,13812,,女,,,,,,殳,,,,2025-02-16 12:50:46,好也。从女殳聲。《詩》曰：“靜女其𡚾。”,Y,,,
L-R,2,𢼸,13711,山,一,几,,,,,攵,,,,2025-02-16 12:28:51,,Y,,,
L-R,2,𣂆,13800,,旁,,,,,,斗,,,,2025-02-16 12:31:36,"量溢也。从斗㫄聲。

旁",Y,,,
L-R,2,𣦼,13755,,歺,,,,,,又,,,,2024-01-21 21:11:17,殘穿也。从又从歺。凡𣦼之屬皆从𣦼 。讀若殘。,Y,,,
L-R,2,𣪯,13809,,宮,,,,,,殳,,,,2025-02-16 12:51:25,擊空聲也。从殳宮聲。,Y,,,
L-R,2,𣫐,13810,,寿,,,,,,殳,,,,2025-02-16 12:51:14,縣物𣪐擊。从殳𠃬聲。,Y,,,
