id,zi,z_back,z_up_left,z_upper,z_up_right,z_left,z_center,z_right,z_low_left,z_lower,z_low_right,z_front,note,z_lowleft,z_upright,z_lowright,z_upleft
86,,,,,,,,,,,,,,,,,
266,,,,,,,,,,,,,,,,,
866,,,,,,,,,,,,,,,,,
428,㐬,,,云,,,,,,川,,,,,,,
841,㒸,,,丷,,,豕,,,,,,,,,,
76,㤭,,,,,忄,乔,,,,,,,,,,
812,䍧,,,,,牜,羊,,,,,,,,,,
246,䖝,,,丿,,,虫,,,,,,,,,,
126,世,,,,,,,,,,,,,,,,
635,丝,,,,,,,,,一,,,,,糸,,糸
892,丝,,,,,幺,,幺,,一,,,,,,,
141,为,,,,,,力,,,,,丶,,,,,丶
853,乳,,,,,,孚,乚,,,,,,,,,
110,乾,,,,,龺,乞,,,,,,,,,,
257,云,,,二,,,厶,,,,,,,,,,
384,亩,,,亠,,,田,,,,,,,,,,
537,亲,,,,,,立,,,木,,,,,,,
9,人,,,,,丿,,丶,,,,,,,,,
120,从,,,,,人,,人,,,,,,,,,
793,件,,,,,亻,牛,,,,,,,,,,
815,伏,,,,,亻,犬,,,,,,,,,,
48,众,,,人,,,,,,,,,,人,,人,
73,伽,,,,,亻,加,,,,,,,,,,
377,佃,,,,,亻,田,,,,,,,,,,
169,但,,,,,亻,旦,,,,,,,,,,
139,何,,,,,亻,可,,,,,,,,,,
13,佛,,,,,亻,弗,,,,,,,,,,
813,佯,,,,,亻,羊,,,,,,,,,,
354,佳,,,,,亻,圭,,,,,,,,,,
594,來,人,,,,,木,,,,,人,,,,,
599,俗,,,,,亻,谷,,,,,,,,,,
398,俚,,,,,亻,里,,,,,,,,,,
43,俱,,,,,亻,具,,,,,,,,,,
188,倡,,,,,亻,昌,,,,,,,,,,
264,假,,,,,亻,叚,,,,,,,,,,
738,催,,,,,亻,崔,,,,,,,,,,
39,僧,,,,,亻,曾,,,,,,,,,,
684,價,,,,,亻,賈,,,,,,,,,,
808,养,,,,,,羊,,,介,,,,,,,
285,冈,,,,,,乂,,,,,冂,,,,,
761,冤,,,冖,,,兔,,,,,,,,,,
442,冰,,,,,冫,水,,,,,,,,,,
862,冴,,,,,冫,牙,,,,,,,,,,
744,准,,,,,冫,隹,,,,,,,,,,
748,凤,,,,,,几,,,,,又,,,,,
749,凰,,,,,,几,,,,,皇,,,,,
328,出,,,山,,,山,,,,,,,,,,
327,击,,,土,,,山,,,,,,,,,,
54,利,,,,,,禾,刂,,,,,,,,,
213,前,,,䒑,,,,,,,,,,月,,刂,
523,劂,,,,,,厥,刂,,,,,,,,,
4,加,,,,,力,,口,,,,,,,,,
260,动,,,,,,云,力,,,,,,,,,
92,劫,,,,,去,,力,,,,,,,,,
561,化,,,,,亻,匕,,,,,,,,,,
205,匙,,,,,,匕,,,,,,,是,,,
42,十,,,,,,一,,,,,丨,,,,,
40,千,,,丿,,,十,,,,,,,,,,
563,华,,,,,,化,,,十,,,,,,,
3,卡,,,上,,,,,,下,,,stuck,,,,
83,卢,,,上,,,尸,,,,,,,,,,
351,卦,,,,,,圭,卜,,,,,,,,,
274,历,,,,,,力,,,,,,,,,,厂
395,厘,,,,,,里,,,,,,,,,,厂
522,厥,,,,,,欮,,,,,,,,,,厂
851,受,,,爫,,,冖,,,又,,,,,,,
516,台,,,厶,,,口,,,,,,,,,,
112,吊,,,口,,,巾,,,,,,,,,,
128,名,,,夕,,,口,,,,,,,,,,
347,吐,,,,,口,土,,,,,,,,,,
509,吕,,,口,,,,,,口,,,,,,,
823,吗,,,,,口,马,,,,,,,,,,
819,吠,,,,,口,犬,,,,,,,,,,
699,吧,,,,,口,巴,,,,,,,,,,
70,周,,,土,,,,,,口,,冂,,,,,
581,和,,,,,禾,口,,,,,,,,,,
624,咳,,,,,口,亥,,,,,,,,,,
511,哀,,,,,,衣,,,,,口,,,,,
510,品,,,口,,,,,,,,,,口,,口,
400,哩,,,,,口,里,,,,,,,,,,
764,唬,,,,,口,虎,,,,,,,,,,
739,唯,,,,,口,隹,,,,,,,,,,
192,唱,,,,,口,昌,,,,,,,,,,
800,善,,,羊,,,䒑,,,口,,,,,,,
732,喿,,,品,,,木,,,,,,,,,,
817,嗅,,,,,口,臭,,,,,,,,,,
309,器,,,,,,犬,,,,,,,口,口,口,口
508,噪,,,,,口,喿,,,,,,,,,,
734,噪,,,,,口,喿,,,,,,,,,,
117,因,,,,,,囗,,,,,大,,,,,
36,园,,,,,,囗,,,,,元,,,,,
498,囷,,,,,,禾,,,,,囗,,,,,
27,国,,,,,,囗,,,,,玉,,,,,
28,國,,,,,,囗,,,,,或,,,,,
137,在,,,,,丨,土,,,,,,,,,,𠂇
345,圭,,,土,,,,,,土,,,,,,,
357,地,,,,,土,也,,,,,,,,,,
362,址,,,,,土,止,,,,,,,,,,
361,均,,,,,土,匀,,,,,,,,,,
329,坴,,,土,,,八,,,土,,,,,,,
626,垅,,,,,土,龙,,,,,,,,,,
346,垚,,,土,,,,,,,,,,土,,土,
811,垟,,,,,土,羊,,,,,,,,,,
342,垠,,,,,土,艮,,,,,,,,,,
335,垦,,,,,,艮,,,土,,,,,,,
360,埃,,,,,土,矣,,,,,,,,,,
397,埋,,,,,土,里,,,,,,,,,,
364,域,,,,,土,或,,,,,,,,,,
368,堯,,,,,,垚,,,兀,,,,,,,
363,場,,,,,土,昜,,,,,,,,,,
359,塵,,,,,,鹿,,,土,,,,,,,
356,墓,,,,,,莫,,,土,,,,,,,
196,增,,,,,土,曾,,,,,,,,,,
88,墮,,,,,,隋,,,土,,,,,,,
379,备,,,夂,,,田,,,,,,,,,,
69,多,,,夕,,,,,,夕,,,,,,,
37,大,,,,,,人,,,,,一,,,,,
119,天,,,一,,,大,,,,,,,,,,
81,头,,,,,,大,,,,,,,,,,冫
90,夷,,,一,,,弓,,,,,人,,,,,
686,奋,,,,,,大,,,田,,,,,,,
736,奮,,,大,,,隹,,,田,,,,,,,
5,好,,,,,女,,子,,,,,,,,,
6,好,,,,,女,子,,,,,,,,,,
20,如,,,,,女,,口,,,,,,,,,
21,如,,,,,,女,口,,,,,,,,,
821,妈,,,,,女,马,,,,,,,,,,
856,妥,,,爫,,,女,,,,,,,,,,
517,始,,,,,女,台,,,,,,,,,,
593,委,,,禾,,,女,,,,,,,,,,
10,姦,,,女,,,,,,,,,,女,,女,
349,娃,,,,,女,圭,,,,,,,,,,
607,娄,,,,,,米,,,女,,,,,,,
549,娇,,,,,女,乔,,,,,,,,,,
399,娌,,,,,女,里,,,,,,,,,,
229,娠,,,,,女,辰,,,,,,,,,,
193,娼,,,,,女,昌,,,,,,,,,,
67,婆,,,波,,,女,,,,,,,,,,
68,婆,,,,,,波,,,女,,,,,,,
176,婚,,,,,女,昏,,,,,,,,,,
100,子,,,,,,了,,,,,一,,,,,
852,孚,,,爫,,,子,,,,,,,,,,
592,季,,,禾,,,子,,,,,,,,,,
33,孤,,,,,孑,瓜,,,,,,,,,,
448,孨,,,子,,,,,,,,,,子,,子,
622,孩,,,,,子,亥,,,,,,,,,,
447,孱,,,,,,孨,,,,,,,,,,尸
414,宝,,,宀,,,玉,,,,,,,,,,
834,家,,,宀,,,豕,,,,,,,,,,
231,宸,,,宀,,,辰,,,,,,,,,,
80,宾,,,宀,,,兵,,,,,,,,,,
371,富,,,宀,,,畐,,,,,,,,,,
177,寞,,,宀,,,莫,,,,,,,,,,
888,審,,,宀　,,,番,,,,,,,,,,
31,对,,,,,又,,寸,,,,,,,,,
98,寺,,,士,,,,,,寸,,,,,,,
350,封,,,,,,圭,寸,,,,,,,,,
286,尖,,,小,,,,,,大,,,,,,,
358,尘,,,,,,小,,,土,,,,,,,
206,尟,,,,,,少,,,,,,,是,,,
873,尾,,,,,,毛,,,,,,,,,,尸
202,层,,,,,,云,,,,,,,,,,尸
199,層,,,,,,曾,,,,,,,,,,尸
301,屿,,,,,山,与,,,,,,,,,,
298,岐,,,,,山,支,,,,,,,,,,
297,岔,,,,,,分,,,山,,,,,,,
308,岖,,,,,山,区,,,,,,,,,,
284,岗,,,山,,,冈,,,,,,,,,,
299,岚,,,山,,,风,,,,,,,,,,
300,岛,,,,,,鸟,,,,,山,,,,,
303,岩,,,山,,,石,,,,,,,,,,
294,岭,,,,,山,令,,,,,,,,,,
288,岱,,,代,,,,,,山,,,,,,,
296,岳,,,,,,丘,,,山,,,,,,,
287,峦,,,亦,,,,,,山,,,,,,,
295,峨,,,,,山,我,,,,,,,,,,
306,峭,,,,,山,肖,,,,,,,,,,
283,峰,,,,,山,夆,,,,,,,,,,
293,峻,,,,,山,夋,,,,,,,,,,
289,崇,,,山,,,宗,,,,,,,,,,
307,崎,,,,,山,奇,,,,,,,,,,
290,崑,,,山,,,昆,,,,,,,,,,
304,崔,,,山,,,隹,,,,,,,,,,
291,崙,,,山,,,侖,,,,,,,,,,
305,嵬,,,山,,,鬼,,,,,,,,,,
292,巍,,,山,,,魏,,,,,,,,,,
465,巛,,,,,𡿨,𡿨,𡿨,,,,,水,,,,
466,巡,,,,,,巛,,,,,,,辶,,,
804,差,,,,,,羊,,,工,,,,,,,
640,布,,,,,,巾,,,,,,,,,,𠂇
631,帛,,,白,,,,,,巾,,,,,,,
106,師,,,,,𠂤,币,,,,,,,,,,
111,常,,,龸,,,吊,,,,,,,,,,
101,并,,,丷,,,开,,,,,,,,,,
302,幽,,,,,,絲,,,,,山,,,,,
62,延,,,,,,正,,,,,,,廴,,,
91,弗,丨,,,,,弓,,,,,丿,,,,,
16,弥,,,,,弓,尔,,,,,,,,,,
17,弥,,,,,,弓,尔,,,,,,,,,
134,弥,,,,,弓,尔,,,,,,,,,,
842,彖,,,夕,,,豕,,,,,,,,,,
234,彗,,,,,,,,,彐,,,,,丰,,丰
168,影,,,,,,,彡,,,,,,京,,,日
138,彼,,,,,彳,皮,,,,,,,,,,
560,径,,,,,彳,巠,,,,,,,,,,
341,很,,,,,彳,艮,,,,,,,,,,
376,思,,,田,,,心,,,,,,,,,,
336,恨,,,,,忄,艮,,,,,,,,,,
344,恳,,,,,,艮,,,心,,,,,,,
886,悉,,,,,,釆,,,心,,,,,,,
174,惛,,,,,忄,昏,,,,,,,,,,
222,惺,,,,,忄,星,,,,,,,,,,
855,愛,,,爫,,,冖,,,夂,,心,,,,,
185,慕,,,,,,莫,,,㣺,,,,,,,
235,慧,,,,,,彗,,,心,,,,,,,
197,憎,,,,,忄,曾,,,,,,,,,,
23,我,,,,,扌,戈,,,,,,,,,,丿
52,戠,,,,,音,戈,,,,,,,,,,
49,所,,,,,戶,斤,,,,,,,,,,
628,手,,,,,扌,,,,,,,,,,,
629,手,,,又,,,,,,,,,,,,,
698,把,,,,,扌,巴,,,,,,,,,,
847,抓,,,,,扌,爪,,,,,,,,,,
519,抬,,,,,扌,台,,,,,,,,,,
170,担,,,,,扌,旦,,,,,,,,,,
95,拘,,,,,扌,句,,,,,,,,,,
627,拢,,,,,扌,龙,,,,,,,,,,
352,挂,,,,,扌,圭,,,,,,,,,,
226,振,,,,,扌,辰,,,,,,,,,,
79,提,,,,,扌,是,,,,,,,,,,
56,摩,,,麻,,,手,,,,,,,,,,
178,摸,,,,,扌,莫,,,,,,,,,,
182,摹,,,,,,莫,,,手,,,,,,,
277,擂,,,,,扌,雷,,,,,,,,,,
507,操,,,,,扌,喿,,,,,,,,,,
733,操,,,,,扌,喿,,,,,,,,,,
140,故,,,,,,古,攵,,,,,,,,,
605,敉,,,,,米,,攵,,,,,,,,,
606,数,,,,,,娄,攵,,,,,,,,,
104,文,,,亠,,,乂,,,,,,,,,,
799,斈,,,文,,,子,,,,,,,,,,
610,料,,,,,米,斗,,,,,,,,,,
121,方,,,丶,,,万,,,,,,,,,,
61,旃,,,𠂉,,方,丹,,,,,,,,,,
146,旦,,,,,,曰,,,一,,,,,,,
147,旦,,,,,,日,,,一,,,,,,,
152,早,,,,,,日,,,十,,,,,,,
165,旬,,,,,,勹,,,,,日,,,,,
25,时,,,,,日,,寺,,,,,,,,,
187,旺,,,,,日,王,,,,,,,,,,
186,昌,,,日,,,,,,日,,,,,,,
1,明,,,,,日,,月,,,,,,,,,
157,昏,,,,,,氏,,,日,,,,,,,
158,昏,,,氏,,,日,,,,,,,,,,
221,星,,,曰,,,生,,,,,,,,,,
166,春,,,𡗗,,,日,,,,,,,,,,
162,昭,,,,,日,召,,,,,,,,,,
22,是,,,,,,日,,,𤴓,,,,,,,
151,晓,,,,,日,尧,,,,,,,,,,
161,晚,,,,,日,免,,,,,,,,,,
210,晦,,,,,日,每,,,,,,,,,,
155,晨,,,日,,,辰,,,,,,,,,,
2,晶,,,日,,,,,日,,日,,bright,日,,日,
154,暉,,,,,日,軍,,,,,,,,,,
167,暖,,,,,日,爰,,,,,,,,,,
160,暮,,,,,,莫,,,日,,,,,,,
156,曦,,,,,日,羲,,,,,,,,,,
129,曰,,,,,,口,,,,,－,,,,,
194,會,,,𠆢,,,曾,,,,,,,,,,
125,有,,,,,,月,,,,,,,,,,𠂇
220,朏,,,,,月,出,,,,,,,,,,
209,朔,,,,,屰,月,,,,,,,,,,
212,朗,,,,,良,月,,,,,,,,,,
211,望,,,,,,,,,王,,,,,月,,亡
153,朝,,,,,日,月,,,,,,,十,,,十
217,期,,,,,其,月,,,,,,,,,,
218,朦,,,,,月,蒙,,,,,,,,,,
533,未,－,,,,,木,,,,,,,,,,
539,末,,,,,,木,,,,,一,,,,,
532,本,,,,,,木,,,,,－,,,,,
540,杰,,,,,,木,,,灬,,,,,,,
150,東,,,,,,日,,,,,木,,,,,
700,杷,,,,,木,巴,,,,,,,,,,
130,极,,,,,木,及,,,,,,,,,,
8,林,,,,,木,,木,,,,,,,,,
535,果,,,,,,田,,,木,,,,,,,
632,柔,,,矛,,,,,,木,,,,,,,
30,树,,,,,木,对,,,,,,,,,,
801,样,,,,,木,羊,,,,,,,,,,
620,核,,,,,木,亥,,,,,,,,,,
340,根,,,,,木,艮,,,,,,,,,,
353,桂,,,,,木,圭,,,,,,,,,,
116,桓,,,,,木,亘,,,,,,,,,,
544,桥,,,,,木,乔,,,,,,,,,,
46,梦,,,林,,,夕,,,,,,,,,,
77,梵,,,林,,,凡,,,,,,,,,,
630,棉,,,,,木,帛,,,,,,,,,,
7,森,,,木,,,,,,,,,,木,,木,
545,棱,,,,,木,夌,,,,,,,,,,
569,棵,,,,,木,果,,,,,,,,,,
740,椎,,,,,木,隹,,,,,,,,,,
131,極,,,,,木,亟,,,,,,,,,,
72,槃,,,,,,般,,,木,,,,,,,
132,樂,,,白,,,,,,木,,,,,幺,,幺
180,模,,,,,木,莫,,,,,,,,,,
526,橜,,,,,,厥,,,木,,,,,,,
279,檑,,,,,木,雷,,,,,,,,,,
555,權,,,,,木,雚,,,,,,,,,,
521,欮,,,,,屰,欠,,,,,,,,,,
554,歡,,,,,,雚,欠,,,,,,,,,
621,武,,,,,－,弋,,,,,,,正,,,
105,殊,,,,,歹,朱,,,,,,,,,,
331,毎,,,𠂉,,,母,,,,,,,,,,
38,比,,,,,匕,,匕,,,,,,,,,
872,毳,,,毛,,,,,,,,,,毛,,毛,
240,氛,,,,,,气,,,,,,,分,,,
241,氢,,,,,,气,,,,,,,巠,,,
236,氣,,,,,,气,,,,,,,米,,,
242,氤,,,,,,气,,,,,,,因,,,
238,氦,,,,,,气,,,,,,,亥,,,
237,氧,,,,,,气,,,,,,,羊,,,
239,氮,,,,,,气,,,,,,,炎,,,
243,氲,,,,,,气,,,,,,,昷,,,
426,水,,,,,氵,,,,,,,,,,,
433,水,,,,,冫,,,,,,,,,,,
441,永,,,亠,,,水,,,,,,,,,,
443,求,,,一,,,水,,,,,,,,丶,,
47,汉,,,,,氵,又,,,,,,,,,,
454,汒,,,,,氵,亡,,,,,,,,,,
434,江,,,,,氵,工,,,,,,,,,,
458,池,,,,,氵,也,,,,,,,,,,
449,汹,,,,,氵,凶,,,,,,,,,,
436,沙,,,,,氵,少,,,,,,,,,,
435,河,,,,,氵,可,,,,,,,,,,
477,油,,,,,氵,由,,,,,,,,,,
430,治,,,,,氵,台,,,,,,,,,,
459,沼,,,,,氵,召,,,,,,,,,,
438,泉,,,白,,,水,,,,,,,,,,
107,法,,,,,氵,去,,,,,,,,,,
452,泛,,,,,氵,乏,,,,,,,,,,
78,波,,,,,氵,皮,,,,,,,,,,
460,泽,,,,,氵,,,,,,,,,,,
456,洋,,,,,氵,羊,,,,,,,,,,
462,洛,,,,,氵,各,,,,,,,,,,
451,洪,,,,,氵,共,,,,,,,,,,
457,洼,,,,,氵,圭,,,,,,,,,,
427,流,,,,,氵,㐬,,,,,,,,,,
431,济,,,,,氵,齐,,,,,,,,,,
453,浪,,,,,氵,良,,,,,,,,,,
394,浬,,,,,氵,里,,,,,,,,,,
505,浮,,,,,氵,孚,,,,,,,,,,
332,海,,,,,氵,每,,,,,,,,,,
450,涌,,,,,氵,甬,,,,,,,,,,
429,淌,,,,,氵,尚,,,,,,,,,,
444,淙,,,,,氵,宗,,,,,,,,,,
743,淮,,,,,氵,隹,,,,,,,,,,
542,深,,,,,氵,罙,,,,,,,,,,
440,渴,,,,,氵,曷,,,,,,,,,,
461,湍,,,,,氵,耑,,,,,,,,,,
745,準,,,,,,淮,,,十,,,,,,,
445,溪,,,,,氵,奚,,,,,,,,,,
559,滕,,,,,月,𣳾,,,,,,,,,,
439,滴,,,,,氵,啇,,,,,,,,,,
506,漂,,,,,氵,票,,,,,,,,,,
184,漠,,,,,氵,莫,,,,,,,,,,
437,漠,,,,,氵,莫,,,,,,,,,,
446,潺,,,,,氵,孱,,,,,,,,,,
504,澡,,,,,氵,喿,,,,,,,,,,
552,灌,,,,,氵,雚,,,,,,,,,,
475,火,,,,,,,,,灬,,,,,,,
471,灭,,,一,,,火,,,,,,,,,,
474,灯,,,,,火,丁,,,,,,,,,,
479,灰,,,,,,火,,,,,,,,,,𠂇
485,灵,,,彐,,,火,,,,,,,,,,
486,灶,,,,,火,土,,,,,,,,,,
484,灸,,,久,,,火,,,,,,,,,,
467,災,,,巛,,,火,,,,,,,,,,
491,炉,,,,,火,户,,,,,,,,,,
478,炊,,,,,火,欠,,,,,,,,,,
480,炎,,,火,,,,,,火,,,,,,,
487,炒,,,,,火,少,,,,,,,,,,
488,炖,,,,,火,屯,,,,,,,,,,
483,炭,,,山,,,灰,,,,,,,,,,
492,炼,,,,,火,柬,,,,,,,,,,
810,烊,,,,,火,羊,,,,,,,,,,
489,烤,,,,,火,考,,,,,,,,,,
472,烧,,,,,火,尧,,,,,,,,,,
490,焖,,,,,火,闷,,,,,,,,,,
482,焚,,,林,,,,,,火,,,,,,,
496,焦,,,,,,隹,,,灬,,,,,,,
481,焱,,,火,,,,,,,,,,火,,火,
163,照,,,,,,昭,,,灬,,,,,,,
493,煮,,,,,,者,,,灬,,,,,,,
473,熄,,,,,火,息,,,,,,,,,,
494,熏,,,千,,,黑,,,,,,,,,,
495,熏,,,千,,,黑,,,,,,,,,,
476,燃,,,,,火,然,,,,,,,,,,
512,燥,,,,,火,喿,,,,,,,,,,
850,爪,,,,,,爫,,,,,,,,,,
697,爬,,,,,,巴,,,,,,,爪,,,
859,爭,,,爫,,,肀,,,,,,,,,,
854,爱,,,爫,,,冖,,,友,,,,,,,
858,爵,,,爫,,,罒,,,,,,,艮,,寸,
696,爸,,,,,,父,,,巴,,,,,,,
704,爸,,,父,,,巴,,,,,,,,,,
783,牛,,,,,牜,,,,,,,,,,,
788,牜,,,,,牜,寺,,,,,,,,,,
789,牝,,,,,牜,匕,,,,,,,,,,
792,牢,,,宀,,,牛,,,,,,,,,,
874,牦,,,,,牜,毛,,,,,,,,,,
794,牧,,,,,牜,攵,,,,,,,,,,
786,物,,,,,牜,勿,,,,,,,,,,
790,牲,,,,,牜,生,,,,,,,,,,
791,牺,,,,,牜,西,,,,,,,,,,
785,牽,,,玄,,,冖,,,牛,,,,,,,
787,犁,,,,,,利,,,牛,,,,,,,
57,犍,,,,,牜,建,,,,,,,,,,
796,犒,,,,,牜,高,,,,,,,,,,
784,犟,,,强,,,牛,,,,,,,,,,
814,犬,,,,,,大,,,,,,,,丶,,
760,狈,,,,,犭,贝,,,,,,,,,,
758,狗,,,,,犭,句,,,,,,,,,,
339,狠,,,,,犭,艮,,,,,,,,,,
34,独,,,,,犭,虫,,,,,,,,,,
390,狸,,,,,犭,里,,,,,,,,,,
759,狼,,,,,犭,良,,,,,,,,,,
251,猋,,,犬,,,,,,,,,,犬,,犬,
757,猎,,,,,犭,昔,,,,,,,,,,
189,猖,,,,,犭,昌,,,,,,,,,,
762,猪,,,,,犭,者,,,,,,,,,,
391,猫,,,,,犭,苗,,,,,,,,,,
818,献,,,,,南,犬,,,,,,,,,,
527,獗,,,,,犭,厥,,,,,,,,,,
35,獨,,,,,犭,蜀,,,,,,,,,,
425,玉,丶,,,,,王,,,,,,,,,,
108,王,,,,,,三,,,,,丨,,,,,
417,玛,,,,,玉,马,,,,,,,,,,
411,玺,,,,,,尔,,,玉,,,,,,,
416,珀,,,,,玉,白,,,,,,,,,,
418,珍,,,,,玉,㐱,,,,,,,,,,
413,珠,,,,,玉,朱,,,,,,,,,,
136,現,,,,,王,見,,,,,,,,,,
420,琅,,,,,玉,良,,,,,,,,,,
396,理,,,,,王,里,,,,,,,,,,
423,理,,,,,玉,里,,,,,,,,,,
422,琉,,,,,玉,㐬,,,,,,,,,,
412,琢,,,,,玉,豖,,,,,,,,,,
415,琥,,,,,玉,虎,,,,,,,,,,
419,琳,,,,,玉,林,,,,,,,,,,
421,璃,,,,,玉,离,,,,,,,,,,
424,璞,,,,,玉,菐,,,,,,,,,,
513,璪,,,,,玉,喿,,,,,,,,,,
574,瓠,,,,,,夸,瓜,,,,,,,,,
573,瓣,,,,,辛,瓜,辛,,,,,,,,,
195,甑,,,,,,曾,瓦,,,,,,,,,
142,生,,,,,,土,,,,,𠂉,,,,,
383,田,,,,,,囗,,,,,十,,,,,
387,由,,,l,,,田,,,,,,,,,,
388,甲,,,,,,田,,,l,,,,,,,
389,申,,,,,,田,,,,,丨,,,,,
374,男,,,田,,,力,,,,,,,,,,
382,甸,,,,,,勹,,,,,田,,,,,
127,界,,,田,,,介,,,,,,,,,,
370,畐,,,一,,,口,,,田,,,,,,,
89,留,,,卯,,,田,,,,,,,,,,
380,畜,,,,,,玄,,,田,,,,,,,
369,畦,,,,,田,圭,,,,,,,,,,
887,番,,,,,,釆,,,田,,,,,,,
870,異,,,,,,田,,,共,,,,,,,
385,當,,,龸,,,口,,,田,,,,,,,
386,畺,三,,田,,,,,,田,,,,,,,
367,疆,,,,,弓,畺,,,,,,,土,,,
337,痕,,,,,,艮,,,,,,,,,,疒
179,瘼,,,,,,莫,,,,,,,,,,疒
149,白,,,,,,日,,,,,,,,,,丿
41,百,,,一,,,白,,,,,,,,,,
44,皆,,,比,,,白,,,,,,,,,,
84,盧,,,虍,,,田,,,皿,,,,,,,
538,相,,,,,木,目,,,,,,,,,,
806,着,,,,,,羊,,,目,,,,,,,
75,睺,,,,,目,侯,,,,,,,,,,
50,知,,,,,矢,,口,,,,,,,,,
550,矫,,,,,矢,乔,,,,,,,,,,
201,矰,,,,,矢,曾,,,,,,,,,,
310,砌,,,,,石,切,,,,,,,,,,
317,砍,,,,,石,欠,,,,,,,,,,
321,研,,,,,石,开,,,,,,,,,,
313,砖,,,,,石,专,,,,,,,,,,
311,砘,,,,,石,屯,,,,,,,,,,
323,砚,,,,,石,见,,,,,,,,,,
315,砫,,,,,石,主,,,,,,,,,,
325,砭,,,,,石,乏,,,,,,,,,,
319,破,,,,,石,皮,,,,,,,,,,
318,砸,,,,,石,匝,,,,,,,,,,
312,础,,,,,石,出,,,,,,,,,,
326,硬,,,,,石,更,,,,,,,,,,
316,碉,,,,,石,周,,,,,,,,,,
320,碎,,,,,石,卒,,,,,,,,,,
322,碾,,,,,石,展,,,,,,,,,,
314,磚,,,,,石,專,,,,,,,,,,
324,磬,,,殸,,,石,,,,,,,,,,
280,礌,,,,,石,雷,,,,,,,,,,
619,示,,,,,礻,,,,,,,,,,,
365,社,,,,,礻,土,,,,,,,,,,
29,祇,,,,,礻,氏,,,,,,,,,,
618,神,,,,,礻,申,,,,,,,,,,
803,祥,,,,,礻,羊,,,,,,,,,,
543,禁,,,林,,,示,,,,,,,,,,
372,福,,,,,礻,畐,,,,,,,,,,
575,禾,,,丿,,,木,,,,,,,,,,
579,秀,,,禾,,,乃,,,,,,,,,,
580,私,,,,,禾,厶,,,,,,,,,,
577,秋,,,,,禾,火,,,,,,,,,,
591,种,,,,,禾,中,,,,,,,,,,
589,科,,,,,禾,斗,,,,,,,,,,
590,秒,,,,,禾,少,,,,,,,,,,
588,秘,,,,,禾,必,,,,,,,,,,
584,称,,,,,禾,尔,,,,,,,,,,
587,税,,,,,禾,兑,,,,,,,,,,
570,稞,,,,,禾,果,,,,,,,,,,
582,稷,,,,,禾,畟,,,,,,,,,,
583,稻,,,,,禾,舀,,,,,,,,,,
585,稼,,,,,禾,家,,,,,,,,,,
586,穑,,,,,禾,啬,,,,,,,,,,
578,穗,,,,,禾,惠,,,,,,,,,,
795,空,,,穴,,,工,,,,,,,,,,
653,竽,,,竹,,,于,,,,,,,,,,
652,竿,,,竹,,,干,,,,,,,,,,
701,笆,,,竹,,,巴,,,,,,,,,,
641,笋,,,竹,,,尹,,,,,,,,,,
642,笑,,,竹,,,夭,,,,,,,,,,
645,笔,,,竹,,,毛,,,,,,,,,,
651,笙,,,竹,,,生,,,,,,,,,,
654,笛,,,竹,,,由,,,,,,,,,,
644,符,,,竹,,,付,,,,,,,,,,
97,等,,,竹,,,寺,,,,,,,,,,
657,筐,,,竹,,,匡,,,,,,,,,,
643,筑,,,竹,,,巩,,,,,,,,,,
650,策,,,竹,,,朿,,,,,,,,,,
647,签,,,竹,,,佥,,,,,,,,,,
646,简,,,竹,,,间,,,,,,,,,,
658,箕,,,竹,,,其,,,,,,,,,,
648,算,,,竹,,,目,,,廾,,,,,,,
655,管,,,竹,,,官,,,,,,,,,,
649,箭,,,竹,,,前,,,,,,,,,,
659,箱,,,竹,,,相,,,,,,,,,,
660,篇,,,竹,,,扁,,,,,,,,,,
656,篓篓,,,竹,,,娄,,,,,,,,,,
576,米,,,丷,,,木,,,,,,,,,,
611,类,,,米,,,大,,,,,,,,,,
608,籽,,,,,米,子,,,,,,,,,,
609,粉,,,,,米,分,,,,,,,,,,
601,粒,,,,,米,立,,,,,,,,,,
603,粥,,,,,弓,米,弓,,,,,,,,,
782,粦,,,,,,米,,,舛,,,,,,,
612,粪,,,米,,,共,,,,,,,,,,
616,粮,,,,,米,良,,,,,,,,,,
604,粱,,,,,,米,,,,,,,,刅,,氵
113,精,,,,,米,青,,,,,,,,,,
216,糊,,,,,米,胡,,,,,,,,,,
602,糜,,,麻,,,米,,,,,,,,,,
615,糧,,,,,米,量,,,,,,,,,,
636,糸,,,,,纟,,,,,,,,,,,
894,系,,,丿,,,糸,,,,,,,,,,
375,累,,,田,,,糸,,,,,,,,,,
893,絲,,,,,,丝,,,,,,,,,,
63,絺,,,,,纟,希,,,,,,,,,,
637,纤,,,,,纟,千,,,,,,,,,,
906,纪,,,,,纟,己,,,,,,,,,,
905,纲,,,,,纟,冈,,,,,,,,,,
904,纶,,,,,纟,仑,,,,,,,,,,
896,纷,,,,,纟,分,,,,,,,,,,
897,纺,,,,,纟,方,,,,,,,,,,
898,线,,,,,纟,戋,,,,,,,,,,
638,细,,,,,纟,田,,,,,,,,,,
899,织,,,,,纟,只,,,,,,,,,,
19,经,,,,,纟,巠,,,,,,,,,,
32,给,,,,,纟,合,,,,,,,,,,
902,绞,,,,,纟,交,,,,,,,,,,
903,绣,,,,,纟,秀,,,,,,,,,,
895,绪,,,,,纟,者,,,,,,,,,,
705,绳,,,,,纟,黾,,,,,,,,,,
737,维,,,,,纟,隹,,,,,,,,,,
634,绵,,,,,纟,帛,,,,,,,,,,
900,绸,,,,,纟,周,,,,,,,,,,
901,缎,,,,,纟,段,,,,,,,,,,
907,缫,,,,,纟,巢,,,,,,,,,,
45,罗,,,罒,,,夕,,,,,,,,,,
541,罙,,,㓁,,,木,,,,,,,,,,
200,罾,,,罒,,,曾,,,,,,,,,,
64,羅,,,罒,,,维,,,,,,,,,,
65,羅,,,罒,,,维,,,,,,,,,,
797,美,,,,,,羊,,,大,,,,,,,
805,羞,,,,,,羊,,,丑,,,,,,,
802,群,,,,,君,羊,,,,,,,,,,
798,義,,,,,,羊,,,我,,,,,,,
863,羽,,,,,习,,习,,,,,,,,,
864,翅,,,,,,羽,,,,,,,支,,,
865,習,,,羽,,,白,,,,,,,,,,
867,翔,,,,,羊,羽,,,,,,,,,,
868,翱,,,,,皋,羽,,,,,,,,,,
869,翼,,,羽,,,異,,,,,,,,,,
53,老,,,耂,,,匕,,,,,,,,,,
875,耗,,,,,耒,毛,,,,,,,,,,
232,耨,,,,,耒,辱,,,,,,,,,,
348,肚,,,,,月,土,,,,,,,,,,
518,胎,,,,,月,台,,,,,,,,,,
215,胡,,,,,古,月,,,,,,,,,,
219,胧,,,,,月,龙,,,,,,,,,,
223,腥,,,,,月,星,,,,,,,,,,
825,腾,,,,,月,駦,,,,,,,,,,
816,臭,,,自,,,犬,,,,,,,,,,
750,舅,,,臼,,,男,,,,,,,,,,
26,舍,,,𠆢,,,舌,,,,,,,,,,
857,舜,,,爫,,,冖,,,舛,,,,,,,
71,般,,,,,舟,殳,,,,,,,,,,
333,良,,,丶,,,艮,,,,,,,,,,
562,花,,,艹,,,化,,,,,,,,,,
531,芽,,,艹,,,牙,,,,,,,,,,
515,苔,,,艹,,,台,,,,,,,,,,
378,苗,,,艹,,,田,,,,,,,,,,
143,苦,,,艹,,,古,,,,,,,,,,
529,茂,,,艹,,,戊,,,,,,,,,,
499,茎,,,艹,,,巠,,,,,,,,,,
455,茫,,,艹,,,汒,,,,,,,,,,
661,茶,,,艹,,,𠆢,,,木,,,,,,,
173,草,,,艹,,,早,,,,,,,,,,
548,荞,,,艹,,,乔,,,,,,,,,,
564,荣,,,艹,,,冖,,,木,,,,,,,
662,药,,,艹,,,约,,,,,,,,,,
159,莫,,,艹,,,日,,,大,,,,,,,
501,菇,,,艹,,,姑,,,,,,,,,,
497,菌,,,艹,,,囷,,,,,,,,,,
191,菖,,,艹,,,昌,,,,,,,,,,
102,菩,,,艹,,,咅,,,,,,,,,,
530,萌,,,艹,,,明,,,,,,,,,,
103,萨,,,艹,,,,,,,,,,阝,,产,
124,萬,,,艹,,,禺,,,,,,,,,,
463,落,,,艹,,,洛,,,,,,,,,,
60,葉,,,艹,,,世,,,木,,,,,,,
845,蒙,,,艹,,,冖,,,豕,,,,,,,
381,蓄,,,艹,,,畜,,,,,,,,,,
181,蓦,,,,,,莫,,,马,,,,,,,
524,蕨,,,艹,,,厥,,,,,,,,,,
278,蕾,,,艹,,,雷,,,,,,,,,,
94,薄,,,艹,,,溥,,,,,,,,,,
502,藏,,,艹,,,臧,,,,,,,,,,
558,藤,,,艹,,,滕,,,,,,,,,,
663,藥,,,艹,,,樂,,,,,,,,,,
503,藻,,,艹,,,澡,,,,,,,,,,
500,蘑,,,艹,,,磨,,,,,,,,,,
763,虎,,,虍,,,几,,,,,,,,,,
765,虎,,,,,,虍,,,,,,,,,,
773,虏,,,虍,,,力,,,,,,,,,,
767,虐,,,虍,,,彐,,,,,,,,,,
769,虑,,,虍,,,心,,,,,,,,,,
768,虔,,,虍,,,文,,,,,,,,,,
771,處,,,虍,,,处,,,,,,,,,,
770,虚,,,虍,,,业,,,,,,,,,,
766,虜,,,虍,,,男,,,,,,,,,,
772,虞,,,虍,,,吴,,,,,,,,,,
670,虾,,,,,虫,下,,,,,,,,,,
666,蚁,,,,,虫,义,,,,,,,,,,
665,蚂,,,,,虫,马,,,,,,,,,,
667,蚊,,,,,虫,文,,,,,,,,,,
633,蚕,,,,,,天,,,虫,,,,,,,
669,蛇,,,,,虫,它,,,,,,,,,,
668,蛙,,,,,虫,圭,,,,,,,,,,
672,蛤,,,,,虫,合,,,,,,,,,,
247,蜂,,,,,虫,夆,,,,,,,,,,
230,蜃,,,,,,辰,,,虫,,,,,,,
639,蜚,,,,,,非,,,虫,,,,,,,
248,蜜,,,宀,,,必,,,虫,,,,,,,
572,蜾,,,,,虫,果,,,,,,,,,,
706,蝇,,,,,虫,黾,,,,,,,,,,
671,蝉,,,,,虫,单,,,,,,,,,,
673,蟆,,,,,虫,莫,,,,,,,,,,
664,蟲,,,虫,,,,,,,,,,虫,,虫,
709,袅,,,鸟,,,衣,,,,,,,,,,
871,被,,,,,衤,皮,,,,,,,,,,
566,裸,,,,,衤,果,,,,,,,,,,
565,裹,,,,,,衣,,,,,果,,,,,
233,褥,,,,,衤,辱,,,,,,,,,,
849,觅,,,爫,,,见,,,,,,,,,,
876,角,,,𠂊,,,用,,,,,,,,,,
883,觚,,,,,,角,瓜,,,,,,,,,
879,觝,,,,,,角,氐,,,,,,,,,
884,觞,,,,,,角,一,,,,,,,𠂉,勿,
877,解,,,,,,角,,,,,,,,刀,牛,
882,觥,,,,,,角,光,,,,,,,,,
878,触,,,,,,角,虫,,,,,,,,,
881,觧,,,,,,角,羊,,,,,,,,,
880,觯,,,,,,角,单,,,,,,,,,
625,言,,,,,讠,,,,,,,,,,,
715,讐,,,,,,,,,言,,,,,隹,,隹
468,训,,,,,讠,川,,,,,,,,,,
860,讶,,,,,讠,牙,,,,,,,,,,
55,诃,,,,,讠,可,,,,,,,,,,
51,识,,,,,讠,只,,,,,,,,,,
623,该,,,,,讠,亥,,,,,,,,,,
14,说,,,,,讠,兑,,,,,,,,,,
99,诸,,,,,讠,者,,,,,,,,,,
567,课,,,,,讠,果,,,,,,,,,,
183,谟,,,,,讠,莫,,,,,,,,,,
598,谷,,,八,,,人,,,口,,,,,,,
600,豁,,,,,害,谷,,,,,,,,,,
614,豐,,,,,,山,,,豆,,,,,丰,,丰
836,豕,,,,,,猪,,,,,,,,,,
844,豗,,,,,,豕,,,,,,,兀,,,
838,象,,,𠂊,,,口,,,豕,,,,,,,
837,豢,,,龹,,,豕,,,,,,,,,,
843,豪,,,,,,豕,,,,,,,,,,
835,豬,,,,,豕,者,,,,,,,,,,
756,豹,,,,,豸,勺,,,,,,,,,,
755,貌,,,,,豸,皃,,,,,,,,,,
595,買,,,罒,,,貝,,,,,,,,,,
677,買,,,罒,,,貝,,,,,,,,,,
596,賣,,,士,,,買,,,,,,,,,,
597,賣,,,士,,,罒,,,貝,,,,,,,
674,货,,,,,,化,,,贝,,,,,,,
675,贪,,,,,,今,,,贝,,,,,,,
683,贬,,,,,贝,乏,,,,,,,,,,
679,贱,,,,,贝,戋,,,,,,,,,,
678,贵,,,中,,,一,,,贝,,,,,,,
680,贸,,,卯,,,贝,,,,,,,,,,
676,贾,,,覀,,,贝,,,,,,,,,,
681,贿,,,,,贝,有,,,,,,,,,,
682,赂,,,,,贝,各,,,,,,,,,,
198,赠,,,,,贝,曾,,,,,,,,,,
514,趮,,,,,,喿,,,,,,,走,,,
846,足,,,,,,爪,,,,,,,,,,
270,路,,,,,足,各,,,,,,,,,,
525,蹶,,,,,足,厥,,,,,,,,,,
551,轿,,,,,车,乔,,,,,,,,,,
891,辨,,,,,,釆,,,,,,,,,,
228,辱,,,,,,辰,,,寸,,,,,,,
225,農,,,曲,,,辰,,,,,,,,,,
123,过,,,,,,寸,,,,,,,辶,,,
259,运,,,,,,云,,,,,,,辶,,,
58,连,,,,,,车,,,,,,,辶,,,
59,迦,,,,,,加,,,,,,,辶,,,
890,迷,,,,,,米,,,,,,,辶,,,
520,逆,,,,,,屰,,,,,,,辶,,,
839,逐,,,,,,豕,,,,,,,辶,,,
613,逗,,,,,,豆,,,,,,,辶,,,
114,進,,,,,,隹,,,,,,,辶,,,
109,逸,,,,,,兔,,,,,,,辶,,,
373,逼,,,,,,畐,,,,,,,辶,,,
840,遂,,,,,,㒸,,,,,,,辶,,,
122,過,,,,,,咼,,,,,,,辶,,,
703,邑,,,口,,,巴,,,,,,,,,,
93,那,,,,,,,,,,,,,,,,
861,邪,,,,,,牙,阝,,,,,,,,,
224,醒,,,,,酉,星,,,,,,,,,,
885,釆,,,丿,,,米,,,,,,,,,,
534,采,,,爪,,,木,,,,,,,,,,
848,采,,,爫,,,木,,,,,,,,,,
115,釋,,,罒,,采,,,,幸,,,,,,,
889,釋,,,罒,,釆,,,,幸,,,,,,,
366,里,,,,,,田,,,土,,,,,,,
401,重,,,千,,,里,,,,,,,,,,
118,量,,,曰,,,一,,,里,,,,,,,
171,量,,,旦,,,,,,里,,,,,,,
172,量,,,旦,,,里,,,,,,,,,,
402,金,,,𠆢,,,王,,,,,丷,,,,,
410,鉴,,,臨,,,金,,,,,,,,,,
408,銮,,,,,,亦,,,金,,,,,,,
403,錢,,,,,金,戔,,,,,,,,,,
409,鑫,,,金,,,,,,,,,,金,,金,
470,钏,,,,,釒,川,,,,,,,,,,
404,钱,,,,,钅,戋,,,,,,,,,,
406,铁,,,,,钅,失,,,,,,,,,,
405,铜,,,,,钅,同,,,,,,,,,,
338,银,,,,,钅,艮,,,,,,,,,,
407,锡,,,,,钅,易,,,,,,,,,,
741,锥,,,,,钅,隹,,,,,,,,,,
528,镢,,,,,金,厥,,,,,,,,,,
281,镭,,,,,钅,雷,,,,,,,,,,
164,间,,,,,,门,,,,,日,,,,,
355,闺,,,,,,圭,,,,,门,,,,,
24,闻,,,,,,门,,,,,耳,,,,,
190,阊,门,,,,,昌,,,,,,,,,,
175,阍,,,,,,门,,,,,昏,,,,,
148,阳,,,,,阝,日,,,,,,,,,,
208,阴,,,,,卩,月,,,,,,,,,,
15,阿,,,,,阝,可,,,,,,,,,,
133,阿,,,,,阝,可,,,,,,,,,,
18,陀,,,,,阝,它,,,,,,,,,,
135,陀,,,,,阝,它,,,,,,,,,,
334,限,,,,,阝,艮,,,,,,,,,,
330,陸,,,,,阝,坴,,,,,,,,,,
713,隻,,,,,,隹,,,又,,,,,,,
721,隼,,,,,,隹,,,木,,,,,,,
74,难,,,,,又,隹,,,,,,,,,,
735,雀,,,少,,,隹,,,,,,,,,,
719,雁,,,,,亻,隹,,,,,,,,,,厂
746,雄,,,,,厷,隹,,,,,,,,,,
711,雅,,,,,牙,隹,,,,,,,,,,
536,集,,,,,,隹,,,木,,,,,,,
710,雇,,,,,,隹,,,,,,,,,,户
747,雌,,,,,此,隹,,,,,,,,,,
718,雍,,,亠,,乡,,隹,,,,,,,,,
720,雕,,,,,周,隹,,,,,,,,,,
742,雖,,,,,虽,隹,,,,,,,,,,
714,雙,,,,,,,,,又,,,,,隹,,隹
553,雚,,,艹,,,吅,,,隹,,,,,,,
66,離,,,,,离,隹,,,,,,,,,,
717,雥,,,隹,,,,,,,,,,隹,,隹,
716,雧,,,雥,,,木,,,,,,,,,,
265,雨,,,一,,,水,,,,,冂,,,,,
271,雪,,,雨,,,彐,,,,,,,,,,
258,雲,,,雨,,,云,,,,,,,,,,
273,雳,,,雨,,,历,,,,,,,,,,
276,雷,,,雨,,,田,,,,,,,,,,
268,雹,,,雨,,,包,,,,,,,,,,
282,電,,,雨,,,电,,,,,,,,,,
262,雾,,,雨,,,务,,,,,,,,,,
261,霄,,,雨,,,肖,,,,,,,,,,
227,震,,,雨,,,辰,,,,,,,,,,
272,霖,,,雨,,,林,,,,,,,,,,
267,霜,,,雨,,,相,,,,,,,,,,
263,霞,,,雨,,,叚,,,,,,,,,,
269,露,,,雨,,,路,,,,,,,,,,
214,霸,,,雨,,,,,,,,,,革,,月,
275,霹,,,雨,,,辟,,,,,,,,,,
547,鞒,,,,,革,乔,,,,,,,,,,
203,韪,,,,,,韦,,,,,,,是,,,
617,韭,,,,,,非,,,一,,,,,,,
144,音,,,立,,,日,,,,,,,,,,
145,音,,,立,,,,,,日,,,,,,,
82,頭,,,,,豆,,頁,,,,,,,,,
712,顧,,,,,,雇,页,,,,,,,,,
464,顺,,,,,川,页,,,,,,,,,,
85,颇,,,,,皮,,頁,,,,,,,,,
87,颇,,,,,,皮,頁,,,,,,,,,
568,颗,,,,,,果,页,,,,,,,,,
204,题,,,,,,页,,,,,,,是,,,
245,風,,,,,,䖝,,,,,几,,,,,
244,风,,,,,,几,,,,,乂,,,,,
249,飐,,,,,,占,,,,,,,风,,,
253,飒,,,,,立,风,,,,,,,,,,
250,飓,,,,,,具,,,,,,,风,,,
254,飔,,,,,,思,,,,,,,风,,,
255,飕,,,,,,叟,,,,,,,风,,,
256,飘,,,,,票,风,,,,,,,,,,
252,飙,,,,,猋,风,,,,,,,,,,
809,養,,,,,,羊,,,食,,,,,,,
820,馬,,,,,,马,,,,,,,,,,
824,駦,,,龹,,,马,,,,,,,,,,
207,騠,,,,,马,是,,,,,,,,,,
96,驮,,,,,马,大,,,,,,,,,,
469,驯,,,,,马,川,,,,,,,,,,
829,驴,,,,,马,户,,,,,,,,,,
826,驹,,,,,马,句,,,,,,,,,,
831,驼,,,,,马,它,,,,,,,,,,
828,驾,,,加,,,马,,,,,,,,,,
822,骂,,,,,,马,,,,,,,,口,,口
546,骄,,,,,马,乔,,,,,,,,,,
830,骆,,,,,马,各,,,,,,,,,,
832,验,,,,,马,佥,,,,,,,,,,
571,骒,,,,,马,果,,,,,,,,,,
833,骝,,,,,马,留,,,,,,,,,,
827,骡,,,,,马,累,,,,,,,,,,
392,鱼,,,𠂊,,,田,,,一,,,,,,,
685,鱼,,,𠂊,,,田,,,一,,,,,,,
689,鲑,,,,,鱼,圭,,,,,,,,,,
694,鲜,,,,,鱼,羊,,,,,,,,,,
807,鲝,,,,,,羊,,,鱼,,,,,,,
688,鲢,,,,,鱼,连,,,,,,,,,,
393,鲤,,,,,鱼,里,,,,,,,,,,
690,鲨,,,,,,沙,,,鱼,,,,,,,
687,鲫,,,,,鱼,即,,,,,,,,,,
693,鲸,,,,,鱼,京,,,,,,,,,,
691,鳌,,,,,,敖,,,鱼,,,,,,,
692,鳞,,,,,鱼,粦,,,,,,,,,,
708,鳥,,,,,,鸟,,,,,,,,,,
729,鸬,,,,,卢,鸟,,,,,,,,,,
723,鸭,,,,,甲,鸟,,,,,,,,,,
727,鸯,,,央,,,鸟,,,,,,,,,,
726,鸳,,,夗,,,鸟,,,,,,,,,,
728,鸽,,,,,合,鸟,,,,,,,,,,
725,鹃,,,,,肙,鸟,,,,,,,,,,
731,鹊,,,,,昔,鸟,,,,,,,,,,
730,鹚,,,,,兹,鸟,,,,,,,,,,
724,鹫,,,就,,,鸟,,,,,,,,,,
722,鹰,,,倠,,,鸟,,,,,,,,,,广
556,鹳,,,,,,鹳,,,,,,,,,,
557,鹳,,,,,,雚,鸟,,,,,,,,,
774,麂,,,,,,鹿,,,几,,,,,,,
775,麅,,,,,,鹿,,,包,,,,,,,
779,麋,,,,,,鹿,,,米,,,,,,,
780,麒,,,,,,鹿,其,,,,,,,,,
778,麗,,,丽,,,鹿,,,,,,,,,,
777,麝,,,,,,鹿,,,射,,,,,,,
776,麞,,,,,,鹿,,,章,,,,,,,
781,麟,,,,,,鹿,粦,,,,,,,,,
702,鼋,,,元,,,黾,,,,,,,,,,
707,鼍,,,嘼,,,黾,,,,,,,,,,
751,鼢,,,,,鼠,分,,,,,,,,,,
752,鼣,,,,,鼠,犬,,,,,,,,,,
754,鼩,,,,,鼠,句,,,,,,,,,,
753,鼯,,,,,鼠,吾,,,,,,,,,,
432,齐,,,文,,,,,,丿丨,,,,,,,
343,龈,,,,,齿,艮,,,,,,,,,,
695,龍,,,,,,龙,,,,,,,,,,
11,龚,,,龙,,,,,,共,,,,,,,
12,龚,,,龙,,,共,,,,,,,,,,
