zi,pinyin,alias,traditional,as_part,is_radical,nstrokes,desc_cn,zi_en,desc_en,layer,u_id,is_active,sort_val
八,ba1,,,Y,Y,,,,eight; 8,HSK_1-Common-01,314,Y,1.0
贝,bei4,,貝,Y,Y,4,,,cowrie/shellfish/currency (archaic),HSK_1-Common-01,1574,Y,2.0
卜,bo5,,蔔,Y,Y,2,,,see 蘿蔔|萝卜[luo2 bo5],HSK_1-Common-01,1911,Y,5.0
叉,cha3,,,Y,,,,,to diverge/to open (as legs),HSK_1-Common-01,2061,Y,11.0
长,chang2,,長,Y,Y,,,,length/long/forever/always/constantly,HSK_1-Common-01,2160,Y,12.0
厂,chang3,,廠,Y,Y,,,,factory/yard/depot/workhouse/works/(industrial) plant,HSK_1-Common-01,2167,Y,13.0
车,che1,,車,Y,Y,,,,car/vehicle/CL:輛|辆[liang4]/machine/to shape with a lathe/Kangxi radical 159,HSK_1-Common-01,2196,Y,14.0
寸,cun4,,,Y,Y,,,,a unit of length/inch/thumb,HSK_1-Common-01,2699,Y,18.0
大,da4,,,Y,Y,,,,big;  large,HSK_1-Common-01,224,Y,19.0
大,dai4,,,Y,Y,,,,see 大夫[dai4 fu5],HSK_1-Common-01,2767,Y,20.0
刀,dao1,,,Y,Y,,,,knife/blade/single-edged sword/cutlass/CL:把[ba3]/(slang) dollar (loanword)/classifier for sets of one hundred sheets (of paper)/classifier for knife cuts or stabs,HSK_1-Common-01,2865,Y,22.0
斗,dou3,,,Y,Y,,,,dry measure for grain equal to ten 升[sheng1] or one-tenth of a 石[dan4]/decaliter/peck/cup or dipper shaped object/old variant of 陡[dou3],HSK_1-Common-01,3152,Y,25.0
斗,dou4,,鬥,Y,Y,,,,to fight/to struggle/to condemn/to censure/to contend/to put together/coming together,HSK_1-Common-01,3165,Y,26.0
儿,er2,,兒,Y,Y,,,,child/son,HSK_1-Common-01,3373,Y,27.0
方,fang1,,,Y,Y,,,,"square/power or involution (math.)/upright/honest/fair and square/direction/side/party (to a contract, dispute etc)/place/method/prescription (medicine)/just when/only or just/classifier for square things/abbr. for square or cubic meter",HSK_1-Common-01,3479,Y,32.0
飞,fei1,,飛,Y,Y,,,,to fly,HSK_1-Common-01,3508,Y,33.0
分,fen1,,,Y,,4,,point,to divide;  to separate/to distribute,HSK_1-Common-01,37,Y,34.0
风,feng1,,風,Y,Y,,,,"wind/news/style/custom/manner/CL:陣|阵[zhen4],絲|丝[si1]",HSK_1-Common-01,3609,Y,38.0
父,fu4,,,Y,Y,,,,father,HSK_1-Common-01,3752,Y,42.0
干,gan1,,乾,Y,Y,,,,dry/dried food/empty;  hollow/taken in to nominal kinship;  (bound form) to have to do with;  to concern oneself with/one of the ten heavenly stems 天干[tian gan1]/(archaic) shield,HSK_1-Common-01,233,Y,43.0
干,gan4,,幹,Y,Y,,,,tree trunk/main part of sth/to manage/to work/to do/capable/cadre/to kill (slang)/to fuck (vulgar)/(coll.) pissed off/annoyed,HSK_1-Common-01,3834,Y,44.0
弓,gong1,,,Y,Y,,,,a bow (weapon)/CL:張|张[zhang1]/to bend/to arch (one's back etc),HSK_1-Common-01,3983,Y,48.0
工,gong1,,,Y,Y,,,,work/worker/skill/profession/trade/craft/labor,HSK_1-Common-01,3982,Y,50.0
广,guang3,,廣,Y,Y,,,,wide/numerous/to spread,HSK_1-Common-01,4183,Y,53.0
厂,han3,,,Y,Y,,,,"""""""cliff"""" radical in Chinese characters (Kangxi radical 27), occurring in 原, 历, 压 etc""",HSK_1-Common-01,4306,Y,54.0
户,hu4,,戶,Y,Y,,,,a household/door/family,HSK_1-Common-01,4584,Y,56.0
火,huo3,,,Y,Y,,,,fire/urgent/ammunition/fiery or flaming/internal heat (Chinese medicine)/hot (popular)/classifier for military units (old)/Kangxi radical 86,HSK_1-Common-01,4839,Y,58.0
几,ji1,,,Y,Y,,,,small table,HSK_1-Common-01,4870,Y,59.0
几,ji1,,幾,Y,Y,,,,almost,HSK_1-Common-01,4883,Y,60.0
几,ji3,,幾,Y,Y,,,,how much/how many/several/a few,HSK_1-Common-01,4967,Y,62.0
己,ji3,,,Y,Y,,,,"""self/oneself/sixth of the ten Heavenly Stems 十天干[shi2 tian1 gan1]/sixth in order/letter """"F"""" or Roman """"VI"""" in list """"A, B, C"""", or """"I, II, III"""" etc/hexa""",HSK_1-Common-01,4966,Y,63.0
见,jian4,,見,Y,Y,,,,to see/to meet/to appear (to be sth)/to interview/opinion/view,HSK_1-Common-01,5216,Y,65.0
巾,jin1,,,Y,Y,,,,towel/general purpose cloth/women's headcovering (old)/Kangxi radical 50,HSK_1-Common-01,5446,Y,68.0
斤,jin1,,,Y,Y,,,,"catty/(PRC) weight equal to 500 g/(Tw) weight equal to 600 g/(HK, Malaysia, Singapore) slightly over 604 g",HSK_1-Common-01,5447,Y,69.0
车,ju1,,車,Y,Y,,,,war chariot (archaic)/rook (in Chinese chess)/rook (in chess),HSK_1-Common-01,5643,Y,74.0
口,kou3,,,Y,Y,,,,"mouth/classifier for things with mouths (people, domestic animals, cannons, wells etc)/classifier for bites or mouthfuls",HSK_1-Common-01,6012,Y,77.0
了,le5; liao3,,,Y,,,,,"(completed action marker)/(modal particle indicating change of state, situation now)/(modal particle intensifying preceding clause); to finish/to achieve/variant of 瞭|了[liao3]/to understand clearly; (of eyes) bright/clear-sighted/to understand clearly",HSK_1-Common-01,6340,Y,79.0
力,li4,,,Y,Y,,,,power/force/strength/ability/strenuously,HSK_1-Common-01,6459,Y,80.0
马,ma3,,馬,Y,Y,,,,horse/CL:匹[pi3]/horse or cavalry piece in Chinese chess/knight in Western chess,HSK_1-Common-01,7054,Y,84.0
毛,mao2,,,Y,Y,,,,"hair/feather/down/wool/mildew/mold/coarse or semifinished/young/raw/careless/unthinking/nervous/scared/(of currency) to devalue or depreciate/classifier for Chinese fractional monetary unit ( = 角[jiao3] , = one-tenth of a yuan or 10 fen 分[fen1])",HSK_1-Common-01,7131,Y,86.0
门,men2,,門,Y,Y,,,,"gate/door/CL:扇[shan4]/gateway/doorway/CL:個|个[ge4]/opening/valve/switch/way to do something/knack/family/house/(religious) sect/school (of thought)/class/category/phylum or division (taxonomy)/classifier for large guns/classifier for lessons, subjects, branches of technology/(suffix) -gate (i.e. scandal; derived from Watergate)",HSK_1-Common-01,7236,Y,88.0
木,mu4,,,Y,Y,,,,(bound form) tree/(bound form) wood/unresponsive;  numb,HSK_1-Common-01,189,Y,89.0
女,nu:3,,,Y,Y,,,,female/woman/daughter,HSK_1-Common-01,7796,Y,93.0
片,pian1,,,Y,Y,,,,disk/sheet,HSK_1-Common-01,8070,Y,96.0
片,pian4,,,Y,Y,,,,"thin piece/flake/a slice/film/TV play/to slice/to carve thin/partial/incomplete/one-sided/classifier for slices, tablets, tract of land, area of water/classifier for CDs, movies, DVDs etc/used with numeral 一[yi1]: classifier for scenario, scene, feeling, atmosphere, sound etc/Kangxi radical 91",HSK_1-Common-01,8081,Y,97.0
气,qi4,,氣,Y,Y,,,,gas;  air/smell/weather/to make angry,HSK_1-Common-01,305,Y,101.0
欠,qian4,,,Y,Y,,,,to owe/to lack/(literary) to be deficient in/(bound form) yawn/to raise slightly (a part of one's body),HSK_1-Common-01,8431,Y,103.0
犬,quan3,,,Y,Y,,,,dog/Kangxi radical 94,HSK_1-Common-01,8769,Y,107.0
人,ren2,,,Y,Y,,,,"person; people/CL:個|个[ge4],位[wei4]",HSK_1-Common-01,8847,Y,108.0
日,ri4,,,Y,Y,,,,"sun/day/date, day of the month",HSK_1-Common-01,8884,Y,113.0
入,ru4,,,Y,Y,,,,to enter/to go into/to join/to become a member of/to confirm or agree with/abbr. for 入聲|入声[ru4 sheng1],HSK_1-Common-01,8946,Y,114.0
山,shan1,,,Y,Y,,,,mountain;  hill (CL:座[zuo4])/(coll.) small bundle of straw for silkworms to spin cocoons on,HSK_1-Common-01,236,Y,116.0
尸,shi1,,屍,Y,Y,,,,corpse; person representing the dead (during burial ceremonies)/to put a corpse on display (after execution)/variant of 屍|尸[shi1]/corpse,HSK_1-Common-01,9326,Y,123.0
十,shi2,,,Y,Y,,,,ten/10,HSK_1-Common-01,9347,Y,124.0
氏,shi4,,,Y,Y,,,,clan name/maiden name,HSK_1-Common-01,9405,Y,126.0
手,shou3,,,Y,Y,,,,"hand/(formal) to hold/person engaged in certain types of work/person skilled in certain types of work/personal(ly)/convenient/classifier for skill/CL:雙|双[shuang1],隻|只[zhi1]",HSK_1-Common-01,9434,Y,127.0
水,shui3,,,Y,Y,,,,water/river/liquid/beverage/additional charges or income/(of clothes) classifier for number of washes,HSK_1-Common-01,9542,Y,128.0
土,tu3,,,Y,Y,,,,earth/dust/clay/local/indigenous/crude opium/unsophisticated/one of the eight categories of ancient musical instruments 八音[ba1 yin1],HSK_1-Common-01,10210,Y,132.0
瓦,wa3,,,Y,Y,,,,roof tile/abbr. for 瓦特[wa3 te4],HSK_1-Common-01,10329,Y,134.0
文,wen2,,,Y,Y,,,,language/culture/writing/formal/literary/gentle/(old) classifier for coins/Kangxi radical 67,HSK_1-Common-01,10530,Y,143.0
无,wu2,,無,Y,Y,,,,not to have/no/none/not/to lack/un-/-less,HSK_1-Common-01,10616,Y,145.0
夕,xi1,,,Y,Y,,,,dusk/evening/Taiwan pr. [xi4],HSK_1-Common-01,10692,Y,149.0
见,xian4,,見,Y,Y,,,,to appear/also written 現|现[xian4],HSK_1-Common-01,10965,Y,152.0
小,xiao3,,,Y,Y,,,,small/tiny/few/young,HSK_1-Common-01,11051,Y,154.0
心,xin1,,,Y,Y,,,,"heart/mind/intention/center/core/CL:顆|颗[ke1],個|个[ge4]",HSK_1-Common-01,11147,Y,155.0
牙,ya2,,,Y,Y,,,,tooth/ivory/CL:顆|颗[ke1],HSK_1-Common-01,11478,Y,158.0
广,yan3,,,Y,Y,,,,"""""""house on a cliff"""" radical in Chinese characters (Kangxi radical 53), occurring in 店, 序, 底 etc""",HSK_1-Common-01,11573,Y,159.0
一,yi1,,,Y,Y,,,,"""one/single/a (article)/as soon as/entire; whole; all; throughout/""""one"""" radical in Chinese characters (Kangxi radical 1)/also pr. [yao1] for greater clarity when spelling out numbers digit by digit""",HSK_1-Common-01,11789,Y,161.0
乙,yi3,,,Y,Y,,,,"""second of the ten Heavenly Stems 十天干[shi2 tian1 gan1]/second in order/letter """"B"""" or Roman """"II"""" in list """"A, B, C"""", or """"I, II, III"""" etc/second party (in legal contract, usually 乙方[yi3 fang1], as opposed to 甲方[jia3 fang1])/ethyl/bent/winding/radical in Chinese characters (Kangxi radical 5)/ancient Chinese compass point: 105°""",HSK_1-Common-01,11859,Y,162.0
又,you4,,,Y,Y,,,,(once) again/also/both... and.../and yet/(used for emphasis) anyway,HSK_1-Common-01,12214,Y,170.0
月,yue4,,,Y,Y,,,,"moon/month/monthly/CL:個|个[ge4],輪|轮[lun2]",HSK_1-Common-01,12465,Y,174.0
长,zhang3,,長,Y,Y,,,,chief/head/elder/to grow/to develop/to increase/to enhance,HSK_1-Common-01,12768,Y,180.0
支,zhi1,,,Y,Y,,,,"to support/to sustain/to erect/to raise/branch/division/to draw money/classifier for rods such as pens and guns, for army divisions and for songs or compositions",HSK_1-Common-01,12949,Y,182.0
止,zhi3,,,Y,Y,,,,to stop/to prohibit/until/only,HSK_1-Common-01,13005,Y,184.0
爪,zhua3,,,Y,Y,,,,(coll.) foot of an animal or bird/(coll.) foot supporting a cooking pot etc,HSK_1-Common-01,13233,Y,186.0
子,zi3,,,Y,Y,,,,"son/child/seed/egg/small thing/1st earthly branch: 11 p.m.-1 a.m., midnight, 11th solar month (7th December to 5th January), year of the Rat/Viscount, fourth of five orders of nobility 五等爵位[wu3 deng3 jue2 wei4]/ancient Chinese compass point: 0° (north)/subsidiary/subordinate/sub-",HSK_1-Common-01,13379,Y,189.0
白,bai2,,,Y,Y,,,,white/snowy/pure/bright/empty/blank/plain/clear/to make clear/in vain/gratuitous/free of charge/reactionary/anti-communist/funeral/to stare coldly/to write wrong character/to state/to explain/vernacular/spoken lines in opera,HSK_1-Common-02,1430,Y,192.0
石,dan4,,,Y,Y,,,,dry measure for grain equal to ten dou 斗[dou3];  one hundred liters/ancient pr. [shi2],HSK_1-Common-02,183,Y,215.0
电,dian4,,電,Y,,5,,electricity,lightning/electricity/electric (bound form)/to get (or give) an electric shock/phone call or telegram etc/to send via telephone or telegram etc,HSK_1-Common-02,3035,Y,218.0
鸟,diao3,,鳥,Y,Y,,,,variant of 屌[diao3]/penis,HSK_1-Common-02,3051,Y,220.0
甘,gan1,,,Y,Y,,,,sweet/willing,HSK_1-Common-02,3816,Y,232.0
瓜,gua1,,,Y,Y,,,,melon/gourd/squash,HSK_1-Common-02,4107,Y,235.0
禾,he2,,,Y,Y,,,,cereal/grain,HSK_1-Common-02,4401,Y,238.0
立,li4,,,Y,Y,,,,to stand/to set up/to establish/to lay down/to draw up/at once/immediately,HSK_1-Common-02,6500,Y,265.0
令,ling4,,,Y,,5,,order,to order/to command/an order/warrant/writ/to cause/to make sth happen/virtuous/honorific title/season/government position (old)/type of short song or poem,HSK_1-Common-02,6760,Y,267.0
龙,long2,,龍,Y,Y,,,,dragon/CL:條|条[tiao2]/imperial,HSK_1-Common-02,6833,Y,269.0
矛,mao2,,,Y,Y,,,,spear/lance/pike,HSK_1-Common-02,7133,Y,270.0
母,mu3,,,Y,Y,,,,mother/elderly female relative/origin/source/(of animals) female,HSK_1-Common-02,7509,Y,275.0
目,mu4,,,Y,Y,,,,eye/(literary) to look;  to regard/eye (of a net),HSK_1-Common-02,47,Y,276.0
鸟,niao3,,鳥,Y,Y,,,,"""bird/CL:隻|只[zhi1],群[qun2]/""""bird"""" radical in Chinese characters (Kangxi radical 196)/(dialect) to pay attention to/(intensifier) damned/goddamn""",HSK_1-Common-02,7707,Y,280.0
皮,pi2,,,Y,Y,,,,leather/skin/fur/CL:張|张[zhang1]/pico- (one trillionth)/naughty,HSK_1-Common-02,8025,Y,285.0
且,qie3,,,Y,,5,,,and/moreover/yet/for the time being/to be about to/both (... and...),HSK_1-Common-02,8531,Y,290.0
生,sheng1,,,Y,Y,,,,to be born/to give birth/life/to grow/raw/uncooked/student,HSK_1-Common-02,9303,Y,299.0
石,shi2,,,Y,Y,,,,rock/stone/stone inscription/one of the eight categories of ancient musical instruments 八音[ba1 yin1],HSK_1-Common-02,9357,Y,302.0
田,tian2,,,Y,Y,,,,field/farm/CL:片[pian4],HSK_1-Common-02,10040,Y,322.0
兄,xiong1,,,Y,,,,,elder brother,HSK_1-Common-02,11210,Y,331.0
穴,xue2,,,Y,Y,,,,cave/cavity/hole/acupuncture point/Taiwan pr. [xue4],HSK_1-Common-02,11393,Y,332.0
臣,chen2,,,Y,Y,,,,"state official or subject in dynastic China/I, your servant (used in addressing the sovereign)/Kangxi radical 131",HSK_1-Common-03,2222,Y,375.0
虫,chong2,,蟲,Y,Y,,,,"lower form of animal life, including insects, insect larvae, worms and similar creatures/CL:條|条[tiao2],隻|只[zhi1]/(fig.) person with a particular undesirable characteristic",HSK_1-Common-03,2368,Y,381.0
而,er2,,,Y,Y,,,,and/as well as/and so/but (not)/yet (not)/(indicates causal relation)/(indicates change of state)/(indicates contrast),HSK_1-Common-03,3377,Y,401.0
耳,er3,,,Y,Y,,,,ear/handle (archaeology)/and that is all (Classical Chinese),HSK_1-Common-03,3389,Y,402.0
老,lao3,,,Y,Y,,,,prefix used before the surname of a person or a numeral indicating the order of birth of the children in a family or to indicate affection or familiarity/old (of people)/venerable (person)/experienced/of long standing/always/all the time/of the past/very/outdated/(of meat etc) tough,HSK_1-Common-03,6317,Y,445.0
米,mi3,,,Y,Y,,,,rice/CL:粒[li4]/meter (classifier),HSK_1-Common-03,7302,Y,453.0
齐,qi2,,齊,Y,Y,,,,neat/even/level with/identical/simultaneous/all together/to even sth out,HSK_1-Common-03,8310,Y,459.0
肉,rou4,,,Y,Y,,,,meat/flesh/pulp (of a fruit)/(coll.) (of a fruit) squashy/(of a person) flabby/irresolute/Kangxi radical 130,HSK_1-Common-03,8922,Y,470.0
色,se4,,,Y,Y,,,,color/CL:種|种[zhong3]/look/appearance/sex,HSK_1-Common-03,9073,Y,474.0
舌,she2,,,Y,Y,,,,tongue,HSK_1-Common-03,9220,Y,477.0
网,wang3,,網,Y,Y,,,,net/network,HSK_1-Common-03,10397,Y,487.0
西,xi1,,,Y,Y,,,,west,HSK_1-Common-03,10759,Y,495.0
页,xie2,,頁,Y,Y,,,,head,HSK_1-Common-03,11105,Y,501.0
血,xue4,,,Y,Y,,,,"blood/colloquial pr. [xie3]/CL:滴[di1],片[pian4]",HSK_1-Common-03,11400,Y,506.0
羊,yang2,,,Y,Y,,,,"sheep; goat/CL:頭|头[tou2],隻|只[zhi1]",HSK_1-Common-03,11659,Y,514.0
页,ye4,,頁,Y,Y,,,,page/leaf,HSK_1-Common-03,11784,Y,517.0
衣,yi1,,,Y,Y,,,,clothes/CL:件[jian4]/Kangxi radical 145,HSK_1-Common-03,11808,Y,518.0
衣,yi4,,,Y,Y,,,,to dress/to wear/to put on (clothes),HSK_1-Common-03,11958,Y,519.0
至,zhi4,,,Y,Y,,,,to arrive/most/to/until,HSK_1-Common-03,13053,Y,536.0
舟,zhou1,,,Y,Y,,,,boat,HSK_1-Common-03,13118,Y,539.0
竹,zhu2,,,Y,Y,,,,"bamboo/CL:棵[ke1],支[zhi1],根[gen1]/Kangxi radical 118",HSK_1-Common-03,13178,Y,541.0
自,zi4,,,Y,Y,,,,self/oneself/from/since/naturally/surely,HSK_1-Common-03,13401,Y,544.0
辰,chen2,,,Y,Y,,,,"5th earthly branch: 7-9 a.m., 3rd solar month (5th April-4th May), year of the Dragon/ancient Chinese compass point: 120°",HSK_1-Common-04,2226,Y,559.0
赤,chi4,,,Y,Y,,,,red/scarlet/bare/naked,HSK_1-Common-04,2350,Y,562.0
豆,dou4,,,Y,Y,,,,"bean/pea/CL:棵[ke1],粒[li4]/sacrificial vessel",HSK_1-Common-04,3161,Y,570.0
足,ju4,,,Y,Y,,,,excessive,HSK_1-Common-04,5707,Y,620.0
里,li3,,裡,Y,Y,,,,"lining/interior/inside/internal/also written 裏|里[li3];  li, ancient measure of length, approx. 500 m/neighborhood/ancient administrative unit of 25 families/(Tw) borough, administrative unit between the township 鎮|镇[zhen4] and neighborhood 鄰|邻[lin2] levels",HSK_1-Common-04,6443,Y,633.0
麦,mai4,,麥,Y,Y,,,,wheat/barley/oats,HSK_1-Common-04,7080,Y,644.0
羽,yu3,,,Y,Y,,,,feather/5th note in pentatonic scale,HSK_1-Common-04,12309,Y,708.0
走,zou3,,,Y,Y,,,,"to walk/to go/to run/to move (of vehicle)/to visit/to leave/to go away/to die (euph.)/from/through/away (in compound verbs, such as 撤走[che4 zou3])/to change (shape, form, meaning)",HSK_1-Common-04,13439,Y,725.0
足,zu2,,,Y,Y,,,,foot/to be sufficient/ample,HSK_1-Common-04,13451,Y,726.0
谷,gu3,,穀,Y,Y,,,,grain/corn; valley,HSK_1-Common-05,4071,Y,775.0
角,jiao3,,,Y,Y,,,,"angle/corner/horn/horn-shaped/unit of money equal to 0.1 yuan, or 10 cents (a dime)/CL:個|个[ge4]",HSK_1-Common-05,5328,Y,790.0
角,jue2,,,Y,Y,,,,role (theater)/to compete/ancient three legged wine vessel/third note of pentatonic scale,HSK_1-Common-05,5793,Y,796.0
青,qing1,,,Y,Y,,,,green/blue/black/youth/young (of people),HSK_1-Common-05,8593,Y,833.0
身,shen1,,,Y,Y,,,,"body/life/oneself/personally/one's morality and conduct/the main part of a structure or body/pregnant/classifier for sets of clothes: suit, twinset/Kangxi radical 158",HSK_1-Common-05,9269,Y,843.0
辛,xin1,,,Y,Y,,,,"""(of taste) hot or pungent/hard/laborious/suffering/eighth in order/eighth of the ten Heavenly Stems 十天干[shi2 tian1 gan1]/letter """"H"""" or Roman """"VIII"""" in list """"A, B, C"""", or """"I, II, III"""" etc/ancient Chinese compass point: 285°/octa""",HSK_1-Common-05,11158,Y,868.0
言,yan2,,,Y,Y,,,,words/speech/to say/to talk,HSK_1-Common-05,11555,Y,871.0
齿,chi3,,齒,Y,Y,,,,tooth/CL:顆|颗[ke1],HSK_1-Common-06,2335,Y,922.0
非,fei1,,,Y,Y,,,,to not be;  not/wrong,HSK_1-Common-06,190,Y,939.0
金,jin1,,,Y,Y,,,,gold/chemical element Au/generic term for lustrous and ductile metals/money/golden/highly respected/one of the eight categories of ancient musical instruments 八音[ba1 yin1],HSK_1-Common-06,5458,Y,971.0
尚,shang4,,,Y,,8,,,still/yet/to value/to esteem,HSK_1-Common-06,9181,Y,1029.0
雨,yu3,,,Y,Y,,,,"rain/CL:陣|阵[zhen4],場|场[chang2]",HSK_1-Common-06,12312,Y,1067.0
雨,yu4,,,Y,Y,,,,"(literary) to rain/(of rain, snow etc) to fall/to precipitate/to wet",HSK_1-Common-06,12378,Y,1068.0
隶,li4,,隸,Y,Y,,,,(bound form) a person in servitude;  low-ranking subordinate/(bound form) to be subordinate to/(bound form) clerical script (the style of characters intermediate between ancient seal and modern regular characters),HSK_1-Common-07,216,Y,1172.0
鱼,yu2,,魚,Y,Y,,,,"fish/CL:條|条[tiao2],尾[wei3]",HSK_1-Common-07,12288,Y,1241.0
革,ge2,,,Y,Y,,,,animal hide/leather/to reform/to remove/to expel (from office),HSK_1-Common-08,3927,Y,1302.0
骨,gu3,,,Y,Y,,,,bone,HSK_1-Common-08,4085,Y,1304.0
鬼,gui3,,,Y,Y,,,,disembodied spirit;  ghost,HSK_1-Common-08,243,Y,1306.0
面,mian4,,麵,Y,Y,,,,"flour/noodles/(of food) soft (not crunchy)/(slang) (of a person) ineffectual/spineless; face/side/surface/aspect/top/classifier for objects with flat surfaces such as drums, mirrors, flags etc",HSK_1-Common-08,7355,Y,1354.0
首,shou3,,,Y,Y,,,,"head/chief/first (occasion, thing etc)/classifier for poems, songs etc",HSK_1-Common-09,9438,Y,1580.0
音,yin1,,,Y,Y,,,,sound/noise/note (of musical scale)/tone/news/syllable/reading (phonetic value of a character),HSK_1-Common-09,12010,Y,1611.0
麻,ma2,,,Y,Y,,,,"generic name for hemp, flax etc/hemp or flax fiber for textile materials/sesame/CL:縷|缕[lu:3]/(of materials) rough or coarse/pocked/pitted/to have pins and needles or tingling/to feel numb",HSK_1-Common-12,7047,Y,2088.0
黑,hei1,,,Y,Y,,,,black/dark/sinister/secret/shady/illegal/to hide (sth) away/to vilify/(loanword) to hack (computing),HSK_1-Common-13,4437,Y,2230.0
匕,bi3,,,Y,Y,,,,dagger/ladle/ancient type of spoon,HSK_2-CommonLow-1,1628,Y,2817.0
歹,dai3,,,Y,Y,,,,bad/wicked/evil/Kangxi radical 78,HSK_2-CommonLow-1,2759,Y,2825.0
戈,ge1,,,Y,Y,,,,dagger-axe/abbr. for 戈瑞[ge1 rui4]/(Tw) abbr. for 戈雷[ge1 lei2],HSK_2-CommonLow-1,3898,Y,2846.0
臼,jiu4,,,Y,Y,,,,mortar,HSK_2-CommonLow-1,5618,Y,2865.0
皿,min3,,,Y,Y,,,,(bound form) dish;  vessel,HSK_2-CommonLow-1,9,Y,2890.0
矢,shi3,,,Y,Y,,,,arrow/dart/straight/to vow/to swear/old variant of 屎[shi3],HSK_2-CommonLow-1,9376,Y,2920.0
丷,ba1,,,Y,Y,,,,"""""""eight"""" component in Chinese characters/archaic variant of 八[ba1]""",HSK_8,1387,Y,4006.0
勹,bao1,,,Y,Y,,,,archaic variant of 包[bao1],HSK_8,1505,Y,4059.0
釆,bian4,,,Y,Y,,,,old variant of 辨[bian4],HSK_8,1753,Y,4204.0
冫,bing1,,,Y,Y,,,,"""""""ice"""" radical in Chinese characters (Kangxi radical 15), occurring in 冰[bing1], 次[ci4] etc, known as 兩點水|两点水[liang3 dian3 shui3]""",HSK_8,1817,Y,4250.0
癶,bo1,,,Y,Y,,,,"Kangxi radical 105, known as 登字頭|登字头[deng1 zi4 tou2]",HSK_8,1860,Y,4275.0
艹,cao3,,,Y,Y,,,,grass radical 草字頭兒|草字头儿[cao3 zi4 tou2 r5],HSK_8,2006,Y,4351.0
彳,chi4,,,Y,Y,,,,step with the left foot (Kangxi radical 60)/see also 彳亍[chi4 chu4],HSK_8,2341,Y,4562.0
辶,chuo4,,,Y,Y,,,,to walk (side part of split character),HSK_8,2563,Y,4690.0
刂,dao1,,,Y,Y,,,,Kangxi radical 18 (刀[dao1]) as a vertical side element/see also 立刀旁[li4 dao1 pang2]/see also 側刀旁|侧刀旁[ce4 dao1 pang2],HSK_8,2866,Y,4893.0
匚,fang1,,,Y,Y,,,,"""""""right open box"""" radical (Kangxi radical 22), occurring in 区, 医, 匹 etc""",HSK_8,3477,Y,5259.0
缶,fou3,,,Y,Y,,,,pottery,HSK_8,3633,Y,5359.0
艮,gen3,,,Y,Y,,,,blunt/tough/chewy,HSK_8,3950,Y,5544.0
艮,gen4,,,Y,Y,,,,"one of the Eight Trigrams 八卦[ba1 gua4], symbolizing mountain/☶/ancient Chinese compass point: 45° (northeast)",HSK_8,3952,Y,5545.0
廾,gong3,,,Y,Y,,,,hands joined,HSK_8,3993,Y,5570.0
虍,hu1,,,Y,Y,,,,"""stripes of a tiger/""""tiger"""" radical in Chinese characters (Kangxi radical 141)""",HSK_8,4541,Y,5920.0
灬,huo3,,,Y,Y,,,,"""""""fire"""" radical in Chinese characters (Kangxi radical 86), occurring in 熙, 然, 熊 etc""",HSK_8,4840,Y,6104.0
彐,ji4,,,Y,Y,,,,pig snout (Kangxi radical 58),HSK_8,4990,Y,6205.0
卩,jie2,,,Y,Y,,,,"""""""seal"""" radical in Chinese characters (Kangxi radical 26)""",HSK_8,5390,Y,6440.0
冂,jiong1,,,Y,Y,,,,"radical in Chinese characters (Kangxi radical 13), occurring in 用[yong4], 同[tong2], 網|网[wang3] etc, referred to as 同字框[tong2 zi4 kuang4]",HSK_8,5557,Y,6540.0
凵,kan3,,,Y,Y,,,,receptacle,HSK_8,5879,Y,6760.0
耒,lei3,,,Y,Y,,,,plow,HSK_8,6367,Y,7070.0
冖,mi4,,,Y,Y,,,,"""""""cover"""" radical in Chinese characters (Kangxi radical 14), occurring in 軍|军[jun1], 冠[guan1] etc, known as 禿寶蓋|秃宝盖[tu1 bao3 gai4] or 平寶蓋|平宝盖[ping2 bao3 gai4]""",HSK_8,7307,Y,7624.0
糸,mi4,,,Y,Y,,,,fine silk/Kangxi radical 120,HSK_8,7317,Y,7629.0
宀,mian2,,,Y,Y,,,,"""""""roof"""" radical (Kangxi radical 40), occurring in 家, 定, 安 etc, referred to as 寶蓋|宝盖[bao3 gai4]""",HSK_8,7325,Y,7634.0
疒,ne4,,,Y,Y,,,,sick/sickness/Kang Xi radical 104/also pr. [chuang2],HSK_8,7622,Y,7815.0
丿,pie3,,,Y,Y,,,,"radical in Chinese characters (Kangxi radical 4), aka 撇[pie3]",HSK_8,8109,Y,8095.0
攴,pu1,,,Y,Y,,,,to tap/to knock lightly/old variant of 撲|扑[pu1],HSK_8,8191,Y,8147.0
攵,pu1,,,Y,Y,,,,variant of 攴[pu1],HSK_8,8192,Y,8148.0
丬,qiang2,,爿,Y,Y,,,,"""""""piece of wood"""" radical in Chinese characters (Kangxi radical 90), mirror image of 片[pian4]""",HSK_8,8467,Y,8324.0
犭,quan3,,,Y,Y,,,,three-stroke form of Kangxi radical 94 犬[quan3],HSK_8,8770,Y,8528.0
亻,ren2,,,Y,Y,,,,"""""""person"""" radical in Chinese characters (Kangxi radical 9)""",HSK_8,8848,Y,8572.0
彡,shan1,,,Y,Y,,,,"""""""bristle"""" radical in Chinese characters (Kangxi radical 59)""",HSK_8,9118,Y,8741.0
饣,shi2,,飠,Y,Y,,,,"""""""to eat"""" or """"food"""" radical in Chinese characters (Kangxi radical 184)""",HSK_8,9364,Y,8883.0
豕,shi3,,,Y,Y,,,,hog/swine,HSK_8,9377,Y,8891.0
扌,shou3,,,Y,Y,,,,"""""""hand"""" radical in Chinese characters (Kangxi radical 64), occurring in 提, 把, 打 etc""",HSK_8,9435,Y,8918.0
殳,shu1,,,Y,Y,,,,"bamboo or wooden spear/Kangxi radical 79, occurring in 段[duan4], 毅[yi4], 殺|杀[sha1] etc",HSK_8,9464,Y,8928.0
疋,shu1,,,Y,Y,,,,foot,HSK_8,9467,Y,8929.0
氵,shui3,,,Y,Y,,,,"""""""water"""" radical in Chinese characters (Kangxi radical 85), occurring in 沒|没[mei2], 法[fa3], 流[liu2] etc/see also 三點水|三点水[san1 dian3 shui3]""",HSK_8,9543,Y,8966.0
厶,si1,,,Y,Y,,,,old variant of 私[si1],HSK_8,9572,Y,8984.0
纟,si1,,糹,Y,Y,,,,"""""""silk"""" radical in Chinese characters (Kangxi radical 120), occurring in 紅|红[hong2], 綠|绿[lu:4], 累[lei4] etc/also pr. [mi4]""",HSK_8,9582,Y,8990.0
亠,tou2,,,Y,Y,,,,"""""""lid"""" radical in Chinese characters (Kangxi radical 8)""",HSK_8,10179,Y,9388.0
尢,wang1,,,Y,Y,,,,lame,HSK_8,10385,Y,9515.0
罒,wang3,,,Y,Y,,,,net (Kangxi radical 122),HSK_8,10398,Y,9520.0
囗,wei2,,,Y,Y,,,,enclosure,HSK_8,10435,Y,9544.0
忄,xin1,,,Y,Y,,,,Kangxi radical 61 (心) as a vertical side element,HSK_8,11148,Y,10007.0
讠,yan2,,訁,Y,Y,,,,"""""""speech"""" or """"words"""" radical in Chinese characters (Kangxi radical 149)/see also 言字旁[yan2 zi4 pang2]""  to satisfy",HSK_8,11556,Y,10262.0
幺,yao1,,么,Y,Y,,,,"youngest/most junior/tiny/one (unambiguous spoken form when spelling out numbers, esp. on telephone or in military)/one or ace on dice or dominoes/variant of 吆[yao1], to shout",HSK_8,11678,Y,10339.0
衤,yi1,,,Y,Y,,,,"the left-radical form of Kangxi radical 145, 衣[yi1]",HSK_8,11809,Y,10424.0
弋,yi4,,,Y,Y,,,,to shoot,HSK_8,11907,Y,10503.0
廴,yin3,,,Y,Y,,,,"""""""long stride"""" radical in Chinese characters (Kangxi radical 54), occurring in 建, 延, 廷 etc""",HSK_8,12039,Y,10594.0
酉,you3,,,Y,Y,,,,"10th earthly branch: 5-7 p.m., 8th solar month (8th September-7th October), year of the Rooster/ancient Chinese compass point: 270° (west)",HSK_8,12210,Y,10707.0
聿,yu4,,,Y,Y,,,,(arch. introductory particle)/then/and then,HSK_8,12358,Y,10821.0
爫,zhao3,,,Y,Y,,,,"""""""claw"""" radical in Chinese characters (Kangxi radical 87)""",HSK_8,12796,Y,11070.0
夂,zhi3,,,Y,Y,,,,"""""""walk slowly"""" component in Chinese characters/see also 冬字頭|冬字头[dong1 zi4 tou2]""",HSK_8,12998,Y,11191.0
豸,zhi4,,,Y,Y,,,,worm-like invertebrate/mythical animal (see 獬豸[xie4 zhi4])/radical in Chinese characters (Kangxi radical 153),HSK_8,13063,Y,11228.0
丶,zhu3,,,Y,Y,,,,"""""""dot"""" radical in Chinese characters (Kangxi radical 3), aka 點|点[dian3]""",HSK_8,13185,Y,11308.0
隹,zhui1,,,Y,Y,,,,short-tailed bird,HSK_8,13282,Y,11352.0
