id_shuowen,radical,部首,拼音,解說,小篆,字頭,反切音,字原集註,隸辨偏旁,注音,字號,卷第
1,一,一_001,yi1,惟初太始，道立於一，造分天地，化成萬物。凡一之屬皆从一。 ▲古文一。,,一⼀弌,於悉切 伊質反,40,1,ㄧ1,1,一上
2,丄,丄_002,shang4,高也。此古文上，指事也。凡丄之屬皆从丄。 ▲篆文上。,,丄上𠄞,時掌切 時怏反,42,1,ㄕㄤ4,6,一上
3,示,示_003,shi4,天垂象，見吉凶，所以示人也。从𠄞。𠄞，古文上字。三垂，日月星也。觀乎天文，以察時變。示，神事也。凡示之屬皆从示。 ▲古文示。,,示⽰𥘅⺬礻⺭,神至切 時至反,44,2,ㄕ4,10,一上
4,三,三_004,san1,天地人之道也。从三數。凡三之屬皆从三。 ▲古文三从弋。,,三弎S,穌甘切 仙藍反,45,2,ㄙㄢ1,77,一上
5,王,王_005,wang2,天下所歸往也。董仲舒曰：“古之造文者，三畫而連其中謂之王。三者，天、地、人也，而參通之者王也。”孔子曰：“一貫三爲王。”凡王之屬皆从王。 ●李陽冰曰：“中畫近上。王者，則天之義。”,,王𠙻𤣩,雨方切 于光反,47,2,ㄨㄤ2,78,一上
6,玉,玉_006,yu4,石之美。有五德：潤澤以溫，仁之方也；䚡理自外，可以知中，義之方也；其聲舒揚，尃以遠聞，智之方也；不橈而折，勇之方也；銳廉而不忮，絜之方也。象三玉之連。丨，其貫也。凡玉之屬皆从玉。 ●陽冰曰：“三畫正均如貫玉也。” ▲古文玉。,,玉⽟𤣪⺩,魚欲切 虞局反,48,3,ㄩ4,81,一上
7,玨,玨_007,jue2,二玉相合爲一𤤴。凡𤤴之屬皆从𤤴。 ▲𤤴或从㱿。,,玨𤤴珏瑴,古岳切 江學反,49,3,ㄐㄩㄝ2,221,一上
8,气,气_008,qi4,雲气也。象形。凡气之屬皆从气。,,气⽓乞,去旣切 卻利反,50,3,ㄑㄧ4,224,一上
9,士,士_009,shi4,事也。數始於一，終於十。从一从十。孔子曰：“推十合一爲士。”凡士之屬皆从士。,,士⼠𣎶,鉏里切 實史反,52,4,ㄕ4,226,一上
10,丨,丨_010,gun3,上下通也。引而上行讀若囟，引而下行讀若𨓤。凡丨之屬皆从丨。,,丨⼁,古本切 孤損反,53,4,ㄍㄨㄣ3,230,一上
11,屮,屮_011,che4,艸木初生也。象丨出形，有枝莖也。古文或以爲艸字。讀若徹。凡屮之屬皆从屮。尹彤說。 ●臣鉉等曰：丨，上下通也，象艸木萌芽，通徹地上也。,,屮⼬屮屮𡳾,丑列切 恥列反,54,4,ㄔㄜ4,233,一下
12,艸,艸_012,cao3,百芔也。从二屮。凡艸之屬皆从艸。,,艸⾋艹⺾⺿草,倉老切 此討反,55,5,ㄘㄠ3,240,一下
13,蓐,蓐_013,ru4,陳艸復生也。从艸辱聲。一曰蔟也。凡蓐之屬皆从蓐。 ▲籒文蓐从茻。,,蓐𦸳,而蜀切 儒曲反,56,6,ㄖㄨ4,698,一下
14,茻,茻_014,mang3,眾艸也。从四屮。凡茻之屬皆从茻。讀與罔同。,,茻𦬠𦬇,模朗切 謀晃反,57,6,ㄇㄤ3,700,一下
15,小,小_015,xiao3,物之微也。从八，丨見而分之。凡小之屬皆从小。,,小⼩𡭔,私兆切 息沼反,58,6,ㄒㄧㄠ3,704,二上
16,八,八_016,ba1,別也。象分別相背之形。凡八之屬皆从八。,,八⼋S,博拔切 北技反,59,7,ㄅㄚ1,707,二上
17,釆,釆_017,bian4,辨別也。象獸指爪分別也。凡釆之屬皆从釆。讀若辨。 ▲古文釆。,,釆⾤𠂠𠂟,蒲莧切 蒲莧反,61,7,ㄅㄧㄢ4,719,二上
18,半,半_018,ban4,物中分也。从八从牛。牛爲物大，可以分也。凡半之屬皆从半。,,半,博幔切 脯慢反,62,8,ㄅㄢ4,724,二上
19,牛,牛_019,niu2,大牲也。牛，件也；件，事理也。象角頭三、封㞑之形。凡牛之屬皆从牛。 ●徐鍇曰：“件，若言物一件、二件也。封，高起也。”,,牛⽜牜⺧,語求切 逆求反,63,8,ㄋㄧㄡ2,727,二上
20,犛,犛_020,mao2,西南夷長髦牛也。从牛𠩺聲。凡犛之屬皆从犛。,,犛,莫交切 夢梢反,64,8,ㄇㄠ2,774,二上
21,吿,吿_021,gao4,牛觸人，角箸橫木，所以告人也。从口从牛。《易》曰：“僮牛之告。”凡告之屬皆从吿。,,吿告,古奧切 古奧反,64,9,ㄍㄠ4,777,二上
22,口,口_022,kou3,人所以言食也。象形。凡口之屬皆从口。,,口⼝𠙵,苦后切 懇走反,65,9,ㄎㄡ3,779,二上
23,凵,凵_023,kan3 qian3,張口也。象形。凡凵之屬皆从凵。,,凵⼐,口犯切 丘犯反,66,9,ㄎㄢ3 ㄑㄧㄢ3,969,二上
24,吅,吅_024,xuan1,驚嘑也。从二口。凡吅之屬皆从吅。讀若讙。 ●臣鉉等曰：或通用讙，今俗別作喧，非是。,,吅喧,況袁切 籲袁反,67,9,ㄒㄩㄢ1,970,二上
25,哭,哭_025,ku1,哀聲也。从吅，獄省聲。凡哭之屬皆从哭。,,哭,苦屋切 闊毒反,68,10,ㄎㄨ1,976,二上
26,𧺆走,𧺆走_026,zou3,趨也。从夭、止。夭止者，屈也。凡走之屬皆从𧺆。 ●徐鍇曰：“走則足屈，故从夭。”,,走⾛𧺆𣥚,子苟切 則口反,68,10,ㄗㄡ3,978,二上
27,止,止_027,zhi3,下基也。象艸木出有址，故以止爲足。凡止之屬皆从止。,,止⽌,諸市切 只耳反,69,11,ㄓ3,1063,二上
28,𣥠癶,𣥠癶_028,bo1,足剌𣥠也。从止、𣥂。凡𣥠之屬皆从𣥠。讀若撥。,,𣥠癶⽨,北末切 北末反,72,11,ㄅㄛ1,1077,二上
29,步,步_029,bu4,行也。从止𣥂相背。凡步之屬皆从步。,,步𣥗歨歩𣥶,薄故切 盤怖反,73,11,ㄅㄨ4,1080,二上
30,此,此_030,ci3,止也。从止从匕。匕，相比次也。凡此之屬皆从此。,,此,雌氏切 七裏反,73,12,ㄘ3,1082,二上
31,正,正_031,zheng4,是也。从止，一以止。凡正之屬皆从正。 ▲古文正从𠄞。𠄞，古上字。 ▲古文正从一、足。足者亦止也。 ●徐鍇曰：“守一以止也。”,,正㱏𧾸,之盛切 眞性反,74,12,ㄓㄥ4,1086,二下
32,是,是_032,shi4,直也。从日、正。凡是之屬皆从是。 ▲籒文是从古文正。,,是昰𣆞,承旨切 善紙反,75,13,ㄕ4,1088,二下
33,辵,辵_033,chuo4,乍行乍止也。从彳从止。凡辵之屬皆从辵。讀若《春秋公羊傳》曰“辵階而走”。,,辵⾡辶⻌⻍⻎,丑略切 禇芍反,77,13,ㄔㄨㄛ4,1091,二下
34,彳,彳_034,chi4,小步也。象人脛三屬相連也。凡彳之屬皆从彳。,,彳⼻,丑亦切 醜赤反,78,13,ㄔ4,1222,二下
35,廴,廴_035,yin3,長行也。从彳引之。凡廴之屬皆从廴。,,廴⼵,余忍切 以矧反,79,14,ㄧㄣ3,1259,二下
36,㢟,㢟_036,chan1,安步㢟㢟也。从廴从止。凡㢟之屬皆从㢟。,,㢟,丑連切 敕連反,79,14,ㄔㄢ1,1263,二下
37,行,行_037,xing2 hang2,人之步趨也。从彳从亍。凡行之屬皆从行。,,行⾏,戶庚切 閑橫反,80,14,ㄒㄧㄥ2 ㄏㄤ2,1265,二下
38,齒,齒_038,chi3,口齗骨也。象口齒之形，止聲。凡齒之屬皆从齒。 ▲古文齒字。,,齒⿒𠚒,昌里切 赤裏反,81,15,ㄔ3,1277,二下
39,牙,牙_039,ya2,壯齒也。象上下相錯之形。凡牙之屬皆从牙。 ▲古文牙。,,牙⽛𤘈𤘍,五加切,82,15,ㄧㄚ2,1322,二下
40,足,足_040,zu2,人之足也。在下。从止、囗。凡足之屬皆从足。 ●徐鍇曰：“囗象股脛之形。”,,足⾜𧾷⻊,卽玉切 節栗反,83,15,ㄗㄨ2,1325,二下
41,疋,疋_041,shu1 ya3,足也。上象腓腸，下从止。《弟子職》曰：“問疋何止。”古文以爲《詩大疋》字。亦以爲足字。或曰胥字。一曰疋，記也。凡疋之屬皆从疋。,,疋⽦⺪,所菹切 師阻反,84,16,ㄕㄨ1 ㄧㄚ3,1417,二下
42,品,品_042,pin3,眾庶也。从三口。凡品之屬皆从品。,,品,丕飲切 披甚反,88,16,ㄆㄧㄣ3,1420,二下
43,龠,龠_043,yue4,樂之竹管，三孔，以和眾聲也。从品、侖。侖，理也。凡龠之屬皆从龠。,,龠⿕,以灼切 胤畧反,89,16,ㄩㄝ4,1423,二下
44,冊,冊_044,ce4,符命也。諸矦進受於王也。象其札一長一短，中有二編之形。凡冊之屬皆从𠕁。 ▲古文冊从竹。,,冊笧𥬰𠕋𠕁册,楚革切 測麥反,90,17,ㄘㄜ4,1428,二下
45,㗊,㗊_045,ji2 lei2,眾口也。从四口。凡㗊之屬皆从㗊。讀若戢。又讀若呶。,,㗊,阻立切 臻邑反,92,17,ㄐㄧ2 ㄌㄟ2,1431,三上
46,舌,舌_046,she2,在口，所以言也、別味也。从干从口，干亦聲。凡舌之屬皆从舌。 ●徐鍇曰：“凡物入口必干於舌，故从干。”,,舌⾆,食列切 時哲反,93,17,ㄕㄜ2,1437,三上
47,干,干_047,gan1,犯也。从反入，从一。凡干之屬皆从干。,,干⼲_𢆉屰幹乾榦于千午舌入𢧀f,古寒切 骨安反,94,17,ㄍㄢ1,1440,三上
48,𧮫,𧮫_048,jue2,口上阿也。从口，上象其理。凡𧮫之屬皆从𧮫。 ▲𧮫或如此。 ▲或从𠕎从豦。,,𧮫𠶸臄,其虐切 其雀反,95,18,ㄐㄩㄝ2,1443,三上
49,只,只_049,zhi3,語巳詞也。从口，象气下引之形。凡只之屬皆从只。,,只,諸氏切 眞彼反,97,18,ㄓ3,1445,三上
50,㕯,㕯_050,ne4 na4,言之訥也。从口从內。凡㕯之屬皆从㕯。,,㕯吶呐冏,女滑切 女滑反,97,18,ㄋㄜ4 ㄋㄚ4,1447,三上
51,𠯶句,𠯶句_051,ju4 gou1,曲也。从口𠃚聲。凡句之屬皆从句。,,句𠯶勾,九遇切 梗尤反,98,19,ㄐㄩ4 ㄍㄡ1,1450,三上
52,𠃚丩,𠃚丩_052,jiu1,相糾繚也。一曰瓜瓠結丩起。象形。凡丩之屬皆从𠃚。,,丩𠃚,居虯切 飢酬反,100,19,ㄐㄧㄡ1,1454,三上
53,古,古_053,gu3,故也。从十、口。識前言者也。凡古之屬皆从古。 ▲古文古。 ●臣鉉等曰：十口所傳是前言也。,,古𠖠,公戶切 昆覩反,101,20,ㄍㄨ3,1457,三上
54,十,十_054,shi2,數之具也。一爲東西，丨爲南北，則四方中央備矣。凡十之屬皆从十。,,十⼗,是執切 常入反,102,20,ㄕ2,1459,三上
55,𠦃,𠦃_055,sa4,三十幷也。古文省。凡卅之屬皆从卅。,,𠦃𠦄卅,蘇沓切 速遝反,102,20,ㄙㄚ4,1468,三上
56,言,言_056,yan2,直言曰言，論難曰語。从口䇂聲。凡言之屬皆从言。,,言⾔𠱫訁_咅音㕻否語誩𧨟譶𧭛競,語軒切 疑袁反,103,21,ㄧㄢ2,1470,三上
57,誩,誩_057,jing4,競言也。从二言。凡誩之屬皆从誩。讀若競。,,誩𧨟,渠慶切 渠命反,105,21,ㄐㄧㄥ4,1727,三上
58,音,音_058,yin1,聲也。生於心，有節於外，謂之音。宮商角徵羽，聲；絲竹金石匏土革木，音也。从言含一。凡音之屬皆从音。(𤮺),,音⾳,於今切 鬱吟反,106,22,ㄧㄣ1,1731,三上
59,䇂,䇂_059,qian1,辠也。从干、𠄞。𠄞，古文上字。凡䇂之屬皆从䇂。讀若愆。張林說。,,䇂,去虔切 豈虔反,108,22,ㄑㄧㄢ1,1738,三上
60,丵,丵_060,zhuo2,叢生艸也。象丵嶽相竝出也。凡丵之屬皆从丵。讀若浞。,,丵,士角切 士角反,109,22,ㄓㄨㄛ2,1741,三上
61,菐,菐_061,pu2,瀆菐也。从丵从𠬞，𠬞亦聲。凡菐之屬皆从菐。 ●臣鉉等曰：瀆，讀爲煩瀆之瀆。一本注云：丵，眾多也。兩手奉之，是煩瀆也。,,菐,蒲沃切 滿速反,111,23,ㄆㄨ2,1745,三上
62,𠬞廾,𠬞廾_062,gong3,竦手也。从𠂇从又。凡𠬞之屬皆从𠬞。 ●今變隸作廾。 ▲楊雄說：𠬞从兩手。,,𠬞廾⼶𢪒_𠬜艸又𠂇大君尹共f,居竦切 矩竦反,112,23,ㄍㄨㄥ3,1748,三上
63,𠬜𠂇,𠬜𠂇_063,pan1,引也。从反𠬞。凡𠬜之屬皆从𠬜。 ●今變隸作大。 ▲𠬜或从手从樊。,,𠬜大𢸅攀,普班切 潘蠻反,113,24,ㄆㄢ1,1765,三上
64,共,共_064,gong4,同也。从廿、𠬞。凡共之屬皆从共。 ▲古文共。,,共𠔏𦱹,渠用切 具縦反,114,24,ㄍㄨㄥ4,1768,三上
65,異,異_065,yi4,分也。从𠬞从畀。畀，予也。凡異之屬皆从異。 ●徐鍇曰：“將欲與物，先分異之也。《禮》曰：‘賜君子小人不同日。’”,,異異𠔱𢄖,羊吏切 餘吏反,115,24,ㄧ4,1770,三上
66,舁,舁_066,yu2,共舉也。从⺽从𠬞。凡舁之屬皆从舁。讀若余。,,舁𦥠,以諸切 以虗反,116,24,ㄩ2,1772,三上
67,⺽,⺽_067,ju1,叉手也。从ㅌヨ。凡⺽之屬皆从⺽。,,⺽𦥑_臼⾅𠚒鼠ㅌョヨ𦥔申寅奄巢,居玉切 俱燭反,117,25,ㄐㄩ1,1776,三上
68,䢅晨,䢅晨_068,chen2,早昧爽也。从⺽从辰。辰，時也。辰亦聲。𠃨夕爲𡖊，⺽辰爲䢅，皆同意。凡䢅之屬皆从䢅。,,䢅晨,食鄰切 石淪反,118,25,ㄔㄣ2,1778,三上
69,爨,爨_069,cuan4,齊謂之炊爨。⺽象持甑，冖爲竈口，𠬞推林內火。凡爨之屬皆从爨。 ▲籒文爨省。,,爨爨𤏷,七亂切 七亂反,119,25,ㄘㄨㄢ4,1780,三上
70,革,革_070,ge2,獸皮治去其毛，革更之。象古文革之形。凡革之屬皆从革。 ▲古文革从三十。三十年爲一世，而道更也。⺽聲。,,革⾰𠦶䷰,古覈切 溝厄反,120,25,ㄍㄜ2,1783,三下
71,鬲,鬲_071,li4,鼎屬。實五觳。斗二升曰觳。象腹交文，三足。凡鬲之屬皆从鬲。 ▲鬲或从瓦。 ▲漢令鬲从瓦厤聲。,,鬲⿀䰛㽁,郞激切 連的反,122,26,ㄌㄧ4,1846,三下
72,𩰲䰜,𩰲䰜_072,li4,㽁也。古文亦鬲字。象孰飪五味气上出也。凡䰜之屬皆从𩰲。,,䰜𩰲,郞激切 連的反,123,26,ㄌㄧ4,1859,三下
73,爪爫,爪爫_073,zhao3,丮也。覆手曰爪。象形。凡爪之屬皆从爪。,,爪⽖爫爫⺤⺥ㅌ,側狡切 側狡反,123,26,ㄓㄠ3,1872,三下
74,丮丸,丮丸_074,ji2 ji3,持也。象手有所丮據也。凡丮之屬皆从丮。讀若𢧢。,,丮𠃨𩰊,几劇切 已逆反,124,27,ㄐㄧ2 ㄐㄧ3,1876,三下
75,鬥,鬥_075,dou4,兩士相對，兵杖在後，象鬥之形。凡鬥之屬皆从鬥。,,鬥⾾_斗鬭𨷵𠩀𠨭𩰋丮𠃨𩰊,都豆切 當豆反,126,27,ㄉㄡ4,1884,三下
76,又,又_076,you4,手也。象形。三指者，手之𠛱多略不過三也。凡又之屬皆从又。,,又⼜右彐⺕_叉㕚𠂇左若𠬞廾𠬜寸父㕛友叒叕厷肱f,于救切 延救反,127,27,ㄧㄡ4,1895,三下
77,𠂇,𠂇_077,zuo3,𠂇手也。象形。凡𠂇之屬皆从𠂇。,,𠂇左,臧可切 則可反,128,29,ㄗㄨㄛ3,1923,三下
78,㕜史,㕜史_078,shi3,記事者也。从又持中。中，正也。凡史之屬皆从㕜。,,㕜史,疏士切 瑟耳反,129,29,ㄕ3,1925,三下
79,支,支_079,zhi1,去竹之枝也。从手持半竹。凡支之屬皆从支。 ▲古文支。,,支⽀𢺶𠦙,章移切 章移反,132,29,ㄓ1,1927,三下
80,𦘒,𦘒_080,nie4,手之疌巧也。从又持巾。凡𦘒之屬皆从𦘒。,,𦘒帇⺻,尼輒切 女㒤反,133,29,ㄋㄧㄝ4,1929,三下
81,聿,聿_081,yu4,所以書也。楚謂之聿，吳謂之不律，燕謂之弗。从𦘒一聲。凡聿之屬皆从聿。,,聿⾀_𦘒隶津䀆盡書畫晝律弗,余律切 與必反,134,30,ㄩ4,1932,三下
82,畫,畫_082,hua4,界也。象田四界。聿，所以畫之。凡畫之屬皆从畫。 ▲古文畫省。 ▲亦古文畫。,,畫畵𤱪𨽶𠟷𠞷,胡麥切 戶麥反,135,30,ㄏㄨㄚ4,1936,三下
83,隶,隶_083,dai4,及也。从又，从㞑省。又，持㞑者，从後及之也。凡隶之屬皆从隶。,,隶⾪,徒耐切 徒再反,136,30,ㄉㄞ4,1938,三下
84,臤,臤_084,qian1,堅也。从又臣聲。凡臤之屬皆从臤。讀若鏗鏘之鏗。古文以爲賢字。,,臤,苦閑切 苦閑反,137,30,ㄑㄧㄢ1,1941,三下
85,臣,臣_085,chen2,牽也。事君也。象屈服之形。凡臣之屬皆从臣。,,臣⾂,植鄰切 石眞反,138,31,ㄔㄣ2,1945,三下
86,殳,殳_086,shu1,以杸殊人也。《禮》：“殳以積竹，八觚，長丈二尺，建於兵車，車旅賁以先驅。”从又𠘧聲。凡殳之屬皆从殳。,,殳⽎,市朱切 舩區反,139,31,ㄕㄨ1,1948,三下
87,殺殺,殺殺_087,sha1 sa4,戮也。从殳𣏂聲。凡殺之屬皆从殺。 ▲古文殺。 ▲古文殺。 ▲古文殺。 ●臣鉉等曰：《說文》無𣏂字。相傳云音察。未知所出。,,殺殺殺殺𣪩𢿹𢽅𢁛𠮁,所八切 色軋反,141,31,ㄕㄚ1 ㄙㄚ4,1968,三下
88,𠘧,𠘧_088,shu1,鳥之短羽飛𠘧𠘧也。象形。凡𠘧之屬皆从𠘧。讀若殊。,,𠘧,市朱切 舡區反,142,32,ㄕㄨ1,1970,三下
89,寸,寸_089,cun4,十分也。人手卻一寸，動𧖴，謂之寸口。从又从一。凡寸之屬皆从寸。,,寸⼨,倉困切 麤巽反,143,32,ㄘㄨㄣ4,1973,三下
90,皮,皮_090,pi2,剥取獸革者謂之皮。从又，爲省聲。凡皮之屬皆从皮。 ▲古文皮。 ▲籒文皮。,,皮⽪𥬖𠰎,符羈切 貧知反,144,32,ㄆㄧ2,1980,三下
91,㼱,㼱_091,ruan3,柔韋也。从北，从皮省，从敻省。凡㼱之屬皆从㼱。讀若耎。一曰若雋。 ▲古文㼱。 ▲籒文㼱从敻省。 ●臣鉉等曰：北者，反覆柔治之也。敻，營也。,,㼱𡰺𤭀,而兖切 爾件反,146,33,ㄖㄨㄢ3,1985,三下
92,攴攵,攴攵_092,pu1,小擊也。从又卜聲。凡攴之屬皆从攴。,,攴⽁攵⺙,普木切 潘伏反,147,33,ㄆㄨ1,1987,三下
93,敎,敎_093,jiao4,上所施下所效也。从攴从𡥈。凡敎之屬皆从敎。 ▲古文敎。 ▲亦古文敎。(爻),,敎教𧧿𤕝𢼂,古孝切 角效反,148,34,ㄐㄧㄠ4,2064,三下
94,卜,卜_094,bu3,灼剥龜也，象灸龜之形。一曰象龜兆之從橫也。凡卜之屬皆从卜。 ▲古文卜。,,卜⼘𠁡,博木切 己伏反,149,34,ㄅㄨ3,2066,三下
95,用,用_095,yong4,可施行也。从卜从中。衞宏說。凡用之屬皆从𤰃。 ▲古文用。 ●臣鉉等曰：卜中乃可用也。,,用⽤ 𤰆𠂦𤰃,余訟切 余俸反,150,34,ㄩㄥ4,2074,三下
96,爻,爻_096,yao2,交也。象《易》六爻頭交也。凡爻之屬皆从爻。,,爻⽘,胡茅切 侯交反,151,35,ㄧㄠ2,2079,三下
97,㸚,㸚_097,li3,二爻也。凡㸚之屬皆从㸚。,,㸚,力几切 略迆反,152,35,ㄌㄧ3,2081,三下
98,𥄎𡕥,𥄎𡕥_098,xue4,舉目使人也。从攴从目。凡𥄎之屬皆从𥄎。讀若𩖶。,,𥄎𡕥,火劣切 隳悅反,153,35,ㄒㄩㄝ4,2084,四上
99,目,目_099,mu4,人眼。象形。重童子也。凡目之屬皆从目。 ▲古文目。,,目⽬𡇡罒⺫,莫六切 莫叔反,153,36,ㄇㄨ4,2088,四上
100,䀠,䀠_100,ju4,左右視也。从二目。凡䀠之屬皆从䀠。讀若拘。又若良士瞿瞿。,,䀠,九遇切 九遇反,154,36,ㄐㄩ4,2207,四上
101,眉,眉_101,mei2,目上毛也。从目，象眉之形，上象頟理也。凡眉之屬皆从睂。,,睂眉,武悲切 閩之反,155,36,ㄇㄟ2,2210,四上
102,盾,盾_102,dun4 shun3,瞂也。所以扞身蔽目。象形。凡盾之屬皆从盾。,,盾,食問切 樹忍反,156,36,ㄉㄨㄣ4 ㄕㄨㄣ3,2212,四上
103,𦣹自,𦣹自_103,zi4,鼻也。象鼻形。凡自之屬皆从𦣹。 ▲古文自。,,𦣹𦣼自⾃,疾二切 慈四反,157,37,ㄗ4,2215,四上
104,𪞶白,𪞶白_104,zi4,此亦自字也。省𦣹者，詞言之气，从鼻出，與口相助也。凡白之屬皆从𪞶。,,𪞶白⽩,疾二切 慈四反,158,37,ㄗ4,2217,四上
105,鼻,鼻_105,bi2,引气自畀也。从𦣹、畀。凡鼻之屬皆从鼻。,,鼻⿐,父二切 頻至反,159,37,ㄅㄧ2,2224,四上
106,皕,皕_106,bi4,二百也。凡皕之屬皆从皕。讀若祕。(𪞶),,皕,彼力切 彼復反,160,37,ㄅㄧ4,2229,四上
107,習,習_107,xi2,數飛也。从𦏲从𪞶。凡習之屬皆从習。,,習,似入切 似入反,160,37,ㄒㄧ2,2231,四上
108,𦏲羽,𦏲羽_108,yu3,鳥長毛也。象形。凡羽之屬皆从𦏲。,,𦏲⽻羽羽,王矩切 于甫反,161,38,ㄩ3,2233,四上
109,隹,隹_109,zhui1,鳥之短尾緫名也。象形。凡隹之屬皆从隹。,,隹⾫,職追切 專惟反,162,38,ㄓㄨㄟ1,2270,四上
110,奞,奞_110,sui1 xun4,鳥張毛羽自奮也。从大从隹。凡奞之屬皆从奞。讀若睢。,,奞,息遺切 思振反,163,38,ㄙㄨㄟ1 ㄒㄩㄣ4,2309,四上
111,雈,雈_111,huan2,鴟屬。从隹从𠁥，有毛角。所鳴，其民有旤。凡雈之屬皆从雈。讀若和。(艹),,雈,胡官切 戶寒反,164,38,ㄏㄨㄢ2,2312,四上
112,𠁥𦫳,𠁥𦫳_112,gua3,羊角也。象形。凡𠁥之屬皆从𠁥。讀若𦮃。(艹),,𠁥𦫳艹⻀,工瓦切 汲買反,165,39,ㄍㄨㄚ3,2316,四上
113,𥄕,𥄕_113,mo4 mie4,目不正也。从𠁥从目。凡𥄕之屬皆从𥄕。萈从此。讀若末。(艹) ●徐鍇曰：“𠁥，角戾也。”,,𥄕,模結切 名噎反,166,39,ㄇㄛ4 ㄇㄧㄝ4,2319,四上
114,羊𦍋,羊𦍋_114,yang2,祥也。从𠁥，象頭角足尾之形。孔子曰：“牛羊之字以形舉也。”凡羊之屬皆从羊。(艹),,羊⽺𦍋⺸⺷哶咩,與章切 猶臭反,167,40,ㄧㄤ2,2323,四上
115,羴,羴_115,shan1,羊臭也。从三羊。凡羴之屬皆从羴。 ▲羴或从亶。,,羴羶,式連切 賖延反,168,40,ㄕㄢ1,2349,四上
116,瞿,瞿_116,ju4 qu2,鷹隼之視也。从隹从䀠，䀠亦聲。凡瞿之屬皆从瞿。讀若章句之句。,,瞿,九遇切 九遇反,168,40,ㄐㄩ4 ㄑㄩ2,2351,四上
117,雔,雔_117,chou2,雙鳥也。从二隹。凡雔之屬皆从雔。讀若醻。,,雔,市流切 市柔反,169,40,ㄔㄡ2,2353,四上
118,雥,雥_118,zha2 za2,羣鳥也。从三隹。凡雥之屬皆从雥。,,雥,徂合切 自合反,170,41,ㄓㄚ2 ㄗㄚ2,2356,四上
119,鳥,鳥_119,niao3,長尾禽緫名也。象形。鳥之足似匕，从匕。凡鳥之屬皆从鳥。,,鳥⿃,都了切 都了反,171,41,ㄋㄧㄠ3,2359,四上
120,烏,烏_120,wu1,孝鳥也。象形。孔子曰：“烏，吁呼也。”取其助气，故以爲烏呼。凡烏之屬皆从烏。 ▲古文烏，象形。 ▲象古文烏省。 ●臣鉉等曰：今俗作嗚，非是。,,烏𤚶𥾪嗚𡗃於,哀都切 宛都反,172,41,ㄨ1,2478,四上
121,𠦒,𠦒_121,ban1,箕屬。所以推棄之器也。象形。凡𠦒之屬皆从𠦒。官溥說。,,𠦒,北潘切 補安反,174,41,ㄅㄢ1,2481,四下
122,冓,冓_122,gou4 gou1,交積材也。象對交之形。凡冓之屬皆从冓。,,冓,古候切 格漚反,176,42,ㄍㄡ4 ㄍㄡ1,2485,四下
123,幺,幺_123,yao1,小也。象子初生之形。凡幺之屬皆从幺。,,幺⼳⺓么,於堯切 於堯反,176,42,ㄧㄠ1,2488,四下
124,𢆶,𢆶_124,you1,微也。从二幺。凡𢆶之屬皆从𢆶。,,𢆶,於虯切 伊虬反,178,42,ㄧㄡ1,2491,四下
125,叀,叀_125,zhuan1,叀小謹也。从幺省；屮，財見也；屮亦聲。凡叀之屬皆从叀。 ▲古文叀。 ▲亦古文叀。,,叀𡵏𡴁𠧢,職緣切 准旋反,178,42,ㄓㄨㄢ1,2494,四下
126,玄,玄_126,xuan2,幽遠也。黑而有赤色者爲玄。象幽而入覆之也。凡玄之屬皆从玄。 ▲古文玄。,,玄⽞𢆯_黑幺玆兹茲畜弦盭𥃎玅𢆽𤣨,胡涓切 螢先反,182,43,ㄒㄩㄢ2,2497,四下
127,予,予_127,yu3 yu2,推予也。象相予之形。凡予之屬皆从予。,,予,余呂切 尹汝反,183,43,ㄩ3 ㄩ2,2500,四下
128,放,放_128,fang4 fang3,逐也。从攴方聲。凡放之屬皆从放。,,放倣,甫妄切 弗旺反,185,43,ㄈㄤ4 ㄈㄤ3,2503,四下
129,𠬪,𠬪_129,biao4 piao2,物落；上下相付也。从爪从又。凡𠬪之屬皆从𠬪。讀若《詩》“摽有梅”。,,𠬪,平小切 手小反,185,43,ㄅㄧㄠ4 ㄆㄧㄠ2,2506,四下
130,𣦼𣦻,𣦼𣦻_130,can2,殘穿也。从又从𣦵。凡𣦼之屬皆从𣦻。讀若殘。,,𣦼𣦻,昨干切 自闌反,186,44,ㄘㄢ2,2515,四下
131,歺歹,歺歹_131,e4,𠛱骨之殘也。从半冎。凡歺之屬皆从𣦵。讀若櫱岸之櫱。 ▲古文歺。 ●臣鉉等曰：義不應有中一。秦刻石文有之。 ●徐鍇曰：“冎，剔肉置骨也。歺，殘骨也。故从半冎。”,,歺⺞𣦶歹⽍𣦵𡰤𡰮,五割切 顏過反,187,44,ㄜ4,2520,四下
132,𣦸死,𣦸死_132,si3,澌也，人所離也。从𣦵从人。凡死之屬皆从𣦸。 ▲古文死如此。,,𣦸死𣦹𠒁,息姊切 息似反,188,45,ㄙ3,2552,四下
133,冎,冎_133,gua3,剔人肉置其骨也。象形。頭隆骨也。凡冎之屬皆从冎。,,冎𠮠叧,古瓦切 古且反,189,45,ㄍㄨㄚ3,2556,四下
134,骨,骨_134,gu3,肉之覈也。从冎有肉。凡骨之屬皆从骨。,,骨⻣⾻,古忽切 古沒反,190,45,ㄍㄨ3,2559,四下
135,肉月,肉月_135,rou4,胾肉。象形。凡肉之屬皆从𠕎。,,肉𠕎⾁⺼,如六切 而叔反,190,46,ㄖㄡ4,2584,四下
136,筋,筋_136,jin1,肉之力也。从力从𠕎从竹。竹，物之多筋者。凡筋之屬皆从筋。,,筋,居銀切 幾忻反,191,46,ㄐㄧㄣ1,2729,四下
137,刀,刀_137,dao1,兵也。象形。凡刀之屬皆从刀。,,刀⼑刂⺉,都牢切 得高反,192,46,ㄉㄠ1,2732,四下
138,刃,刃_138,ren4,刀堅也。象刀有刃之形。凡刃之屬皆从刃。,,刃刄,而振切 爾吝反,193,47,ㄖㄣ4,2800,四下
139,㓞,㓞_139,qia4,巧㓞也。从刀丯聲。凡㓞之屬皆从㓞。,,㓞,恪入切 起八反,194,47,ㄑㄧㄚ4,2803,四下
140,丯,丯_140,jie4,艸蔡也。象艸生之𢿱亂也。凡丯之屬皆从丯。讀若介。,,丯,古拜切 苟差反,195,48,ㄐㄧㄝ4,2806,四下
141,𣐇耒,𣐇耒_141,lei3,手耕曲木也。从木推丯。古者垂作耒㭒以振民也。凡耒之屬皆从𣐇。,,𣐇耒⽾,盧對切 魯內反,196,48,ㄌㄟ3,2808,四下
142,角,角_142,jiao3 jue2,獸角也。象形，角與刀、魚相似。凡角之屬皆从𧢲。,,𧢲⻇⾓角⻆,古岳切 古捉反,197,48,ㄐㄧㄠ3 ㄐㄩㄝ2,2815,四下
143,竹,竹_143,zhu2,冬生艸也。象形。下垂者，箁箬也。凡竹之屬皆从竹。,,竹⽵⺮,陟玉切 陟祝反,198,49,ㄓㄨ2,2854,五上
144,箕,箕_144,ji1,簸也。从竹；𠀠，象形；下其丌也。凡箕之屬皆从箕。 ▲古文箕省。 ▲亦古文箕。 ▲亦古文箕。 ▲籒文箕。 ▲籒文箕。,,箕𠀠𠷛𠔋𠔝其亓𠥩,居之切 居而反,200,49,ㄐㄧ1,3003,五上
145,丌,丌_145,ji1,下基也。薦物之丌。象形。凡丌之屬皆从丌。讀若箕，同。,,丌,居之切 居而反,201,49,ㄐㄧ1,3005,五上
146,左,左_146,zuo3,手相左助也。从𠂇、工。凡左之屬皆从左。 ●臣鉉等曰：今俗別作佐。,,左佐,則箇切 則箇反,202,50,ㄗㄨㄛ3,3012,五上
147,工,工_147,gong1,巧飾也。象人有規榘也。與巫同意。凡工之屬皆从工。 ▲古文工从彡。 ●徐鍇曰：“爲巧必遵規矩、法度，然後爲工。否則，目巧也。巫事無形，失在於詭，亦當遵規榘。故曰與巫同意。”,,工⼯𢒄,古紅切 君聰反,203,51,ㄍㄨㄥ1,3014,五上
148,㠭,㠭_148,zhan3,極巧視之也。从四工。凡㠭之屬皆从㠭。,,㠭龷𠀎,知衍切 陟衍反,204,51,ㄓㄢ3,3018,五上
149,巫,巫_149,wu1,祝也。女能事無形，以舞降神者也。象人兩褎舞形。與工同意。古者巫咸初作巫。凡巫之屬皆从巫。 ▲古文巫。,,巫𢍮𠮎,武扶切 文區反,205,51,ㄨ1,3020,五上
150,甘𤮺,甘𤮺_150,gan1,美也。从口含一。一，道也。凡甘之屬皆从𤮺。,,甘⽢𤮺,古三切 溝堪反,206,52,ㄍㄢ1,3022,五上
151,曰,曰_151,yue4,詞也。从口乙聲。亦象口气出也。凡曰之屬皆从曰。,,曰⽈,王代切 予厥反,207,52,ㄩㄝ4,3027,五上
152,乃,乃_152,nai3 reng2,曳詞之難也。象气之出難。凡𠄎之屬皆从𠄎。 ▲古文𠄎。 ▲籒文𠄎。 ●臣鉉等曰：今隸書作乃。,,乃𠄎𢎧𠄕𢎗,奴亥切 年亥反,208,52,ㄋㄞ3 ㄖㄥ2,3034,五上
153,丂,丂_153,kao3,气欲舒出。㇉上礙於一也。丂，古文以爲亏字，又以爲巧字。凡丂之屬皆从丂。,,丂,苦浩切 刻保反,209,53,ㄎㄠ3,3037,五上
154,可,可_154,ke3,肎也。从口丂，丂亦聲。凡可之屬皆从可。,,可,肯我切 肯我反,210,53,ㄎㄜ3,3041,五上
155,兮,兮_155,xi1,語所稽也。从丂，八象气越亏也。凡兮之屬皆从兮。,,兮,胡雞切 賢迷反,211,53,ㄒㄧ1,3046,五上
156,号,号_156,hao2 hao4,痛聲也。从口在丂上。凡号之屬皆从号。,,号,胡到切 候到反,212,54,ㄏㄠ2 ㄏㄠ4,3050,五上
157,亏,亏_157,yu2,於也。象气之舒亏。从丂从一。一者，其气平之也。凡亏之屬皆从亏。 ●今變隸作于。,,亏于亐,羽俱切 員須反,213,54,ㄩ2,3052,五上
158,旨𠤔,旨𠤔_158,zhi3,美也。从𤮺匕聲。凡旨之屬皆从𠤔。 ▲古文旨。,,旨𠤔𤮻𣅌㫖𣅀,職雉切 職美反,215,54,ㄓ3,3057,五上
159,喜,喜_159,xi3,樂也。从壴从口。凡喜之屬皆从喜。 ▲古文喜从欠，與歡同。,,喜歖,虛里切 虛已反,218,55,ㄒㄧ3,3059,五上
160,壴,壴_160,zhu4,陳樂立而上見也。从屮从豆。凡壴之屬皆从壴。,,壴𧯛,中句切 陟具反,219,55,ㄓㄨ4,3062,五上
161,鼓,鼓_161,gu3 qi4,郭也。春分之音，萬物郭皮甲而出，故謂之鼓。从壴，支象其手擊之也。《周禮》六鼓：靁鼓八面，靈鼓六面，路鼓四面，鼖鼓、皋鼓、晉鼓皆兩面。凡鼓之屬皆从鼓。(屮豆) ▲籒文鼓从古聲。 ●徐鍇曰：“郭者，覆冒之意。”,,𡔷鼓⿎𪔐皷,工戶切 昆覩反,221,55,ㄍㄨ3 ㄑㄧ4,3067,五上
162,豈,豈_162,qi3,還師振旅樂也。一曰欲也，登也。从豆，微省聲。凡豈之屬皆从豈。,,豈豈,墟喜切 丘裏反,223,56,ㄑㄧ3,3077,五上
163,豆,豆_163,dou4,古食肉器也。从囗，象形。凡豆之屬皆从豆。 ▲古文豆。,,豆⾖𣅣,徒候切 笛奏反,225,56,ㄉㄡ4,3080,五上
164,豊𧯽,豊𧯽_164,li3,行禮之器也。从豆，象形。凡豊之屬皆从𧯽。讀與禮同。,,𧯽豊,盧啓切 蓮弟反,225,56,ㄌㄧ3,3086,五上
165,豐,豐_165,feng1,豆之豐滿者也。从豆，象形。一曰《鄕飲酒》有豐矦者。凡豐之屬皆从豐。 ▲古文豐。,,豐𧯮𣍈B䷶,敷戎切 孚弓反,227,56,ㄈㄥ1,3088,五上
166,䖒,䖒_166,xi1,古陶器也。从豆虍聲。凡䖒之屬皆从䖒。,,䖒,許羈切 許移反,228,57,ㄒㄧ1,3090,五上
167,虍,虍_167,hu1,虎文也。象形。凡虍之屬皆从虍。 ●徐鍇曰：“象其文章屈曲也。”,,虍⾌,荒烏切 虎烏反,229,57,ㄏㄨ1,3093,五上
168,虎,虎_168,hu3,山獸之君。从虍，虎足象人足。象形。凡虎之屬皆从虎。 ▲古文虎。 ▲亦古文虎。,,虎⻁𢋪𪊖,呼古切 忽五反,229,57,ㄏㄨ3,3102,五上
169,虤,虤_169,yan2,虎怒也。从二虎。凡虤之屬皆从虤。,,虤,五閑切 眼閑反,231,58,ㄧㄢ2,3119,五上
170,皿,皿_170,min3 ming3,飯食之用器也。象形。與豆同意。凡皿之屬皆从皿。讀若猛。,,皿⽫,武永切 美而反,232,58,ㄇㄧㄣ3 ㄇㄧㄥ3,3122,五上
171,𠙴,𠙴_171,qu1,𠙴盧，飯器，以柳爲之。象形。凡𠙴之屬皆从𠙴。 ▲𠙴或从竹去聲。,,𠙴𥬔,去魚切 遣如反,232,58,ㄑㄩ1,3148,五上
172,去,去_172,qu4,人相違也。从大𠙴聲。凡去之屬皆从去。,,去㚎厺,丘據切 氣恕反,233,59,ㄑㄩ4,3149,五上
173,血,血_173,xue4,祭所薦牲血也。从皿，一象血形。凡血之屬皆从血。,,血⾎,呼決切 翾迭反,234,59,ㄒㄩㄝ4,3152,五上
174,丶,丶_174,zhu3,有所絕止，丶而識之也。凡丶之屬皆从丶。,,丶⼂𪐴,知庾切 輟乳反,235,60,ㄓㄨ3,3167,五上
175,𠂁丹,𠂁丹_175,dan1,巴越之赤石也。象采丹井，一象丹形。凡丹之屬皆从𠂁。 ▲古文丹。 ▲亦古文丹。,,𠂁丹𠁿㣋𢒈,都寒切 得幹反,236,60,ㄉㄢ1,3170,五下
176,靑青,靑青_176,qing1,東方色也。木生火，从𤯓、𠂁。丹青之信言必然。凡青之屬皆从靑。 ▲古文青。,,靑⾭𤯞青⻘𡷉,倉經切 倉經反,237,60,ㄑㄧㄥ1,3173,五下
177,丼井,丼井_177,jing3,八家一井，象構𩏑形。•，𦉥之象也。古者伯益初作井。凡井之屬皆从丼。,,丼井䷯,子郢切 卽頃反,238,61,ㄐㄧㄥ3,3175,五下
178,皀,皀_178,bi1 ji2 bi4,穀之馨香也。象嘉穀在裹中之形。匕，所以扱之。或說：皀，一粒也。凡皀之屬皆从皀。又讀若香。,,皀,皮及切 皮及反,239,61,ㄅㄧ1 ㄐㄧ2 ㄅㄧ4,3180,五下
179,鬯,鬯_179,chang4,以秬釀𩰪艸，芬芳攸服，以降神也。从凵，凵，器也；中象米；匕，所以扱之。《易》曰：“不喪匕鬯。”凡鬯之屬皆从鬯。,,鬯⾿,丑諒切 醜向反,241,62,ㄔㄤ4,3184,五下
180,𠊊食,𠊊食_180,shi2,一米也。从皀亼聲。或說亼皀也。凡食之屬皆从𠊊。,,𠊊食⾷⻝𩚁𩚀飠⻟⻞𩙿,乘力切 神隻反,242,62,ㄕ2,3189,五下
181,亼,亼_181,ji2,三合也。从入、一，象三合之形。凡亼之屬皆从亼。讀若集。 ●臣鉉等曰：此疑只象形，非从入、一也。,,亼,秦入切 牆揖反,243,62,ㄐㄧ2,3253,五下
182,會,會_182,hui4,合也。从亼，从曾省。曾，益也。凡會之屬皆从會。 ▲古文會如此。,,會㑹㣛,黃外切 戶兑反,244,63,ㄏㄨㄟ4,3259,五下
183,倉,倉_183,cang1,穀藏也。倉黃取而藏之，故謂之倉。从𠊊省，囗象倉形。凡倉之屬皆从倉。 ▲奇字倉。,,倉仺,七岡切 切陽反,245,63,ㄘㄤ1,3262,五下
184,入,入_184,ru4,內也。象从上俱下也。凡入之屬皆从入。,,入⼊,人汁切 而集反,246,63,ㄖㄨ4,3264,五下
185,缶,缶_185,fou3,瓦器。所以盛酒𤖅。秦人鼔之以節謌。象形。凡缶之屬皆从缶。,,缶⽸,方九切 付丑反,247,64,ㄈㄡ3,3270,五下
186,矢,矢_186,shi3,弓弩矢也。从入，象鏑栝羽之形。古者夷牟初作矢。凡矢之屬皆从矢。,,矢⽮𠂕,式視切 失止反,248,64,ㄕ3,3292,五下
187,高,高_187,gao1,崇也。象臺觀高之形。从冂、囗。與倉、舍同意。凡高之屬皆从高。,,高⾼髙,古牢切 家豪反,248,65,ㄍㄠ1,3303,五下
188,冂,冂_188,jiong1,邑外謂之郊，郊外謂之野，野外謂之林，林外謂之冂。象遠界也。凡冂之屬皆从冂。 ▲古文冂从囗，象國邑。 ▲冋或从土。,,冂⼌冋坰_𠔼冃向同几𠘧冖宀郊野林,古熒切 居屏反,249,65,ㄐㄩㄥ1,3307,五下
189,𩫖,𩫖_189,guo1,度也，民所度居也。从回，象城𩫖之重，兩亭相對也。或但从囗。囗音韋。凡𩫖之屬皆从𩫖。,,𩫖𩫏𩫱郭享,古博切 昆霍反,250,65,ㄍㄨㄛ1,3312,五下
190,京,京_190,jing1,人所爲絕高丘也。从高省，丨象高形。凡京之屬皆从京。,,京𢂋,舉卿切 已英反,251,66,ㄐㄧㄥ1,3314,五下
191,亯,亯_191,heng1 peng1 xiang3,獻也。从高省，曰象進孰物形。《孝經》曰：“祭則鬼亯之。”凡亯之屬皆从亯。 ▲篆文亯。,,亯𠅠亨享烹,許庚切 軒庚反,252,66,ㄏㄥ1 ㄆㄥ1 ㄒㄧㄤ3,3316,五下
192,𣆪,𣆪_192,hou4,厚也。从反亯。凡𣆪之屬皆从𣆪。 ●徐鍇曰：“亯者，進上也。以進上之具，反之於下則厚也。”,,𣆪㫗𣆉,胡口切 旱斗反,256,66,ㄏㄡ4,3320,五下
193,畗,畗_193,fu2 da2,滿也。从高省，象高厚之形。凡畗之屬皆从畗。讀若伏。,,畗畐,芳逼切 披式反,257,66,ㄈㄨ2 ㄉㄚ2,3323,五下
194,㐭,㐭_194,lin3,穀所振入。宗廟粢盛，倉黃㐭而取之，故謂之㐭。从入，回象屋形，中有戶牖。凡㐭之屬皆从㐭。 ▲㐭或从广从禾。,,㐭廩,力甚切 力甚反,258,67,ㄌㄧㄣ3,3325,五下
195,𠾂嗇,𠾂嗇_195,se4,愛瀒也。从來从㐭。來者，㐭而藏之。故田夫謂之𠾂夫。凡𠾂之屬皆从𠾂。 ▲古文𠾂从田。,,𠾂𤲷嗇,所力切 疏憶反,259,67,ㄙㄜ4,3329,五下
196,來,來_196,lai2 lai4,周所受瑞麥來麰。一來二縫，象芒朿之形。天所來也，故爲行來之來。《詩》曰：“詒我來麰。”凡來之屬皆从來。,,來徠逨,洛哀切 婁才反,261,67,ㄌㄞ2 ㄌㄞ4,3331,五下
197,麥,麥_197,mai4,芒穀，秋穜厚薶，故謂之麥。麥，金也。金王而生，火王而死。从來，有穗者；从夊。凡麥之屬皆从麥。 ●臣鉉等曰：夊，足也。周受瑞麥來麰，如行來。故从夊。,,麥⿆,莫獲切 莫獲反,262,68,ㄇㄞ4,3333,五下
198,夊,夊_198,sui1,行遲曳夊夊，象人兩脛有所躧也。凡夊之屬皆从夊。,,夊⼢_夂久攵攴攵𡕒㐄舛趍愛,楚危切 斯唯反,263,68,ㄙㄨㄟ1,3346,五下
199,舛,舛_199,chuan3,對臥也。从夊㐄相背。凡舛之屬皆从舛。 ▲楊雄說：舛从足、春。,,舛⾇踳𨅱,昌兖切 昌輭反,264,68,ㄔㄨㄢ3,3362,五下
200,䑞舜,䑞舜_200,shun4,艸也。楚謂之葍，秦謂之藑。蔓地連華。象形。从舛，舛亦聲。凡䑞之屬皆从䑞。 ●今隸變作舜。 ▲古文䑞。,,䑞舜𡐩,舒閏切 失閏反,265,69,ㄕㄨㄣ4,3365,五下
201,韋,韋_201,wei2,相背也。从舛囗聲。獸皮之韋，可以束枉戾相韋背，故借以爲皮韋。凡韋之屬皆从韋。 ▲古文韋。,,韋⾱𣍄,宇非切 宇歸反,267,69,ㄨㄟ2,3367,五下
202,弟,弟_202,di4,韋束之次弟也。从古字之象。凡弟之屬皆从弟。 ▲古文弟从古文韋省，丿聲。,,弟𠂖第,特計切 笛計反,268,69,ㄉㄧ4,3384,五下
203,夂,夂_203,zhi3,从後至也。象人兩脛後有致之者。凡夂之屬皆从夂。讀若黹。,,夂⼡,陟侈切 胝雉反,269,70,ㄓ3,3386,五下
204,久,久_204,jiu3,以後灸之，象人兩脛後有距也。《周禮》曰：“久諸牆以觀其橈。”凡久之屬皆从久。,,久乆,舉友切 幾柳反,270,70,ㄐㄧㄡ3,3392,五下
205,桀,桀_205,jie2,磔也。从舛在木上也。凡桀之屬皆从桀。,,桀,渠列切 其熱反,272,71,ㄐㄧㄝ2,3393,五下
206,木,木_206,mu4,冒也。冒地而生。東方之行。从屮，下象其根。凡木之屬皆从木。 ●徐鍇曰：“屮者，木始甲坼，萬物皆始於微。故木从屮。”,,木⽊_本末朱未朮术𣎳朩林森,莫卜切 門逐反,273,71,ㄇㄨ4,3396,六上
207,東,東_207,dong1,動也。从木。官溥說：从日在木中。凡東之屬皆从東。,,東,得紅切 得紅反,274,72,ㄉㄨㄥ1,3828,六上
208,林,林_208,lin2,平土有叢木曰林。从二木。凡林之屬皆从林。,,林,力尋切 力尋反,275,72,ㄌㄧㄣ2,3830,六上
209,才,才_209,cai2,艸木之初也。从丨，上貫一，將生枝葉。一，地也。凡才之屬皆从才。 ●徐鍇曰：“上一，初生岐枝也。下一，地也。”,,才𢦏,昨哉切 錢來反,275,72,ㄘㄞ2,3840,六上
210,叒,叒_210,ruo4,日初出東方湯谷，所登榑桑，叒木也。象形。凡叒之屬皆从叒。 ▲籒文。,,叒𠭚,而灼切 耳略反,277,73,ㄖㄨㄛ4,3841,六下
211,之,之_211,zhi1,出也。象艸過屮，枝莖益大，有所之。一者，地也。凡之之屬皆从𡳿。,,之𡳿㞢_帀止𡉚志寺蚩𦐉旹f,止而切 眞而反,278,73,ㄓ1,3843,六下
212,帀,帀_212,za1,周也。从反之而帀也。凡帀之屬皆从帀。周盛說。,,帀匝,子荅切 子荅反,279,73,ㄗㄚ1,3845,六下
213,出,出_213,chu1,進也。象艸木益滋，上出達也。凡出之屬皆从出。,,出,尺律切 穴律反,280,73,ㄔㄨ1,3847,六下
214,𣎵,𣎵_214,bei4 po4,艸木盛𣎵𣎵然。象形，八聲。凡𣎵之屬皆从𣎵。讀若輩。,,𣎵,普活切 溥末反,282,74,ㄅㄟ4 ㄆㄛ4,3852,六下
215,生,生_215,sheng1,進也。象艸木生出土上。凡生之屬皆从𤯓。,,生⽣𤯓_甡死之牛丰𡴀𡉚㞷𡴍,所庚切 色庚反,283,74,ㄕㄥ1,3858,六下
216,乇,乇_216,zhe2,艸葉也。从垂穗，上貫一，下有根。象形。凡乇之屬皆从乇。,,乇,陟格切 竹隔反,284,75,ㄓㄜ2,3864,六下
217,𠂹,𠂹_217,chui2,艸木華葉𠂹。象形。凡𠂹之屬皆从𠂹。 ▲古文。,,𠂹𠣔_𠦬𡴤𠌶𦾓蕐𡼀𡼙垂𡍮𠦬乖我,是爲切 是佳反,285,75,ㄔㄨㄟ2,3865,六下
218,𠌶,𠌶_218,hua1 hua2,艸木華也。从𠂹亏聲。凡𠌶之屬皆从𠌶。 ▲𠌶或从艸从夸。,,𠌶荂花華華,況于切 況于反,286,75,ㄏㄨㄚ1 ㄏㄨㄚ2,3866,六下
219,𦾓華,𦾓華_219,hua1 hua2,榮也。从艸从𠌶。凡華之屬皆从𦾓。,,𦾓蕐𦶎華華花,戶瓜切 呼華反,287,75,ㄏㄨㄚ1 ㄏㄨㄚ2,3868,六下
220,𥝌,𥝌_220,ji1,木之曲頭止不能上也。凡𥝌之屬皆从𥝌。,,𥝌,古兮切 堅兮反,289,76,ㄐㄧ1,3870,六下
221,𥠻稽,𥠻稽_221,ji1 qi3,畱止也。从𥝌从尤，𠤔聲。凡稽之屬皆从𥠻。,,𥠻𥡞稽,古兮切 居迷反,290,76,ㄐㄧ1 ㄑㄧ3,3873,六下
222,巢,巢_222,chao2,鳥在木上曰巢，在穴曰窠。从木，象形。凡巢之屬皆从巢。,,巢巢,鉏交切 士拋反,291,76,ㄔㄠ2,3876,六下
223,桼,桼_223,qi1,木汁。可以䰍物。象形。桼如水滴而下。凡桼之屬皆从桼。,,桼,親吉切 親逸反,292,76,ㄑㄧ1,3878,六下
224,束,束_224,shu4,縛也。从囗、木。凡束之屬皆从束。,,束,書玉切 施祿反,293,77,ㄕㄨ4,3881,六下
225,㯻,㯻_225,gun3 hun4,橐也。从束圂聲。凡㯻之屬皆从㯻。,,㯻,胡本切 戶本反,294,77,ㄍㄨㄣ3 ㄏㄨㄣ4,3885,六下
226,囗,囗_226,wei2,回也。象回帀之形。凡囗之屬皆从囗。,,囗⼞,羽非切 于歸反,295,77,ㄨㄟ2,3890,六下
227,員,員_227,yuan2,物數也。从貝囗聲。凡員之屬皆从員。 ▲籒文从鼎。 ●徐鍇曰：“古以貝爲貨，故數之。”,,員𪔅,王權切 于專反,296,78,ㄩㄢ2,3916,六下
228,貝,貝_228,bei4,海介蟲也。居陸名猋，在水名蜬。象形。古者貨貝而寶龜，周而有泉，至秦廢貝行錢。凡貝之屬皆从貝。,,貝⾙_頁𩑋見賏貨泉錢猋蜬龜,博蓋切 補每反,296,78,ㄅㄟ4,3918,六下
229,邑⻏,邑⻏_229,yi4,國也。从囗；先王之制，尊卑有大小，从卪。凡邑之屬皆从邑。,,邑⾢⻏_𨙨乡𨛜𨙵𨸏阝卪卩f,於汲切 應執反,297,78,ㄧ4,3986,六下
230,𨛜,𨛜_230,xiang4,鄰道也。从邑从𨙨。凡𨛜之屬皆从𨛜。闕。今隷變作𨙵。,,𨛜𨙵䣈,胡絳切 下降反,299,78,ㄒㄧㄤ4,4167,六下
231,日,日_231,ri4,實也。太陽之精不虧。从囗一。象形。凡日之屬皆从日。 ▲古文。象形。,,日⽇𡆠,人質切 而吉反,300,79,ㄖ4,4170,七上
232,旦,旦_232,dan4,明也。从日見一上。一，地也。凡旦之屬皆从旦。,,旦,得案切 兜散反,301,79,ㄉㄢ4,4256,七上
233,倝,倝_233,gan4,日始出，光倝倝也。从旦㫃聲。凡倝之屬皆从倝。,,倝,古案切 根炭反,302,79,ㄍㄢ4,4258,七上
234,㫃,㫃_234,yan3 yao3,旌旗之游，㫃蹇之皃。从屮，曲而下，垂㫃相出入也。讀若偃。古人名㫃，字子游。凡㫃之屬皆从㫃。 ▲古文㫃字。象形及象旌旗之游。,,㫃,於幰切 依遠反,302,80,ㄧㄢ3 ㄧㄠ3,4261,七上
235,冥,冥_235,ming2,幽也。从日从六，冖聲。日數十。十六日而月始虧幽也。凡冥之屬皆从冥。,,冥,莫經切 民甹反,304,80,ㄇㄧㄥ2,4284,七上
236,晶,晶_236,jing1,精光也。从三日。凡晶之屬皆从晶。,,晶,子盈切 津貞反,305,80,ㄐㄧㄥ1,4286,七上
237,月,月_237,yue4,闕也。大陰之精。象形。凡月之屬皆从月。,,月⽉⺝,魚厥切 元伐反,308,80,ㄩㄝ4,4291,七上
238,有,有_238,you3,不宜有也。《春秋傳》曰：“日月有食之。”从月又聲。凡有之屬皆从𪠥。,,𪠥有䷍Y,云九切 延九反,309,81,ㄧㄡ3,4301,七上
239,朙,朙_239,ming2,照也。从月从囧。凡朙之屬皆从朙。 ▲古文朙从日。,,朙明眀䷣,武兵切 眉平反,311,81,ㄇㄧㄥ2,4304,七上
240,囧,囧_240,jiong3,窻牖麗廔闓明。象形。凡囧之屬皆从囧。讀若獷。賈侍中說：讀與明同。,,囧,俱永切 俱永反,311,81,ㄐㄩㄥ3,4306,七上
241,夕,夕_241,xi1,莫也。从月半見。凡夕之屬皆从夕。,,夕⼣,祥易切 辭易反,312,81,ㄒㄧ1,4308,七上
242,多,多_242,duo1,重也。从重夕。夕者，相繹也，故爲多。重夕爲多，重日爲曡。凡多之屬皆从多。 ▲古文多。,,多𡖇,得何切 兜戈反,313,82,ㄉㄨㄛ1,4317,七上
243,毌,毌_243,guan4,穿物持之也。从一橫貫，象寶貨之形。凡毌之屬皆从毌。讀若冠。,,毌,古丸切 古安反,314,82,ㄍㄨㄢ4,4321,七上
244,𢎘,𢎘_244,han4,嘾也。艸木之華未發圅然。象形。凡𢎘之屬皆从𢎘。讀若含。,,𢎘龴㔾⺋,乎感切 侯坎反,315,82,ㄏㄢ4,4324,七上
245,𣐺𣎺,𣐺𣎺_245,han2 han4,木垂華實。从木、𢎘，𢎘亦聲。凡𣐺之屬皆从𣐺。,,𣐺𠀟𣎺,胡感切 候坎反,316,83,ㄏㄢ2 ㄏㄢ4,4329,七上
246,𠧪,𠧪_246,tiao2,艸木實垂𠧪𠧪然。象形。凡𠧪之屬皆从𠧪。讀若調。 ▲籒文三𠧪爲𠧪。,,𠧪𠨋,徒遼切 笛遼反,317,83,ㄊㄧㄠ2,4331,七上
247,亝齊,亝齊_247,qi2,禾麥吐穗上平也。象形。凡齊之屬皆从亝。 ●徐鍇曰：“生而齊者莫若禾麥。二，地也。兩傍在低處也。”,,𠫼齊⿑亝,徂兮切 自兮反,318,83,ㄑㄧ2,4334,七上
248,朿,朿_248,ci4,木芒也。象形。凡朿之屬皆从朿。讀若刺。,,朿_束𣎵市巿𠂔棗棘朱來,七賜切 士智反,320,83,ㄘ4,4336,七上
249,片,片_249,pian4,判木也。从半木。凡片之屬皆从片。,,片⽚,匹見切 譬硯反,321,84,ㄆㄧㄢ4,4339,七上
250,鼎,鼎_250,ding3,三足兩耳，和五味之寶器也。昔禹收九牧之金，鑄鼎荆山之下，入山林川澤，螭魅蝄蜽，莫能逢之，以協承天休。《易》卦：巽木於下者爲鼎，象析木以炊也。籒文以鼎爲貞字。凡鼎之屬皆从鼎。,,鼎⿍䷱,都挺切 顚茗反,321,84,ㄉㄧㄥ3,4347,七上
251,克,克_251,ke4,肩也。象屋下刻木之形。凡克之屬皆从克。 ▲古文克。 ▲亦古文克。 ●徐鍇曰：“肩，任也，負何之名也，與人肩膊之義通。能勝此物謂之克。”,,克𠅏𡱀𠧹,苦得切 盧木反,322,84,ㄎㄜ4,4351,七上
252,录彔,录彔_252,lu4,刻木录录也。象形。凡录之屬皆从录。,,彔录_䰁鬽魅𢑗錄録𥪋彖⼹,盧谷切 慳黑反,324,85,ㄌㄩ4,4352,七上
253,禾,禾_253,he2,嘉穀也。二月始生，八月而孰，得時之中，故謂之禾。禾，木也。木王而生，金王而死。从木，从𠂹省。𠂹象其穗。凡禾之屬皆从禾。,,禾⽲,戶戈切 戶哥反,325,85,ㄏㄜ2,4353,七上
254,秝,秝_254,li4,稀疏適也。从二禾。凡秝之屬皆从秝。讀若歷。,,秝,郞擊切 速約反,326,86,ㄌㄧ4,4442,七上
255,黍,黍_255,shu3,禾屬而黏者也。以大暑而穜，故謂之黍。从禾，雨省聲。孔子曰：“黍可爲酒，禾入水也。”凡黍之屬皆从黍。,,黍⿉,舒呂切 叔呂反,326,86,ㄕㄨ3,4444,七上
256,𪏰香,𪏰香_256,xiang1,芳也。从黍从𤮺。《春秋傳》曰：“黍稷馨香。”凡香之屬皆从𪏰。,,𪏰𥞌香⾹,許良切 軒良反,327,86,ㄒㄧㄤ1,4452,七上
257,米,米_257,mi3,粟實也。象禾實之形。凡米之屬皆从米。,,米⽶,莫禮切 名洗反,328,86,ㄇㄧ3,4455,七上
258,毇,毇_258,zuo2,䊪米一斛舂爲八斗也。从䊆从殳。凡毇之屬皆从毇。,,毇,許委切 呼委反,330,87,ㄗㄨㄛ2,4497,七上
259,臼,臼_259,jiu4,舂也。古者掘地爲臼，其後穿木石。象形。中，米也。凡臼之屬皆从臼。,,臼𦥒⾅,其九切 伎酒反,331,87,ㄐㄧㄡ4,4499,七上
260,凶,凶_260,xiong1,惡也。象地穿交陷其中也。凡凶之屬皆从凶。,,凶,許容切 吁封反,331,87,ㄒㄩㄥ1,4505,七上
261,𣎳朩木,𣎳朩木_261,pin4,分枲莖皮也。从屮，八象枲之皮莖也。凡朩之屬皆从𣎳。讀若髕。,,𣎳朩_𣏟木朮术𣎵𠂔朿𠥽𪩲巿,匹刃切 匹儐反,332,88,ㄆㄧㄣ4,4507,七下
262,𣏟林,𣏟林_262,pai4,葩之總名也。𣏟之爲言微也，微纖爲功。象形。凡𣏟之屬皆从𣏟。,,𣏟𣑼,匹卦切 匹賣反,333,88,ㄆㄞ4,4509,七下
263,麻麻,麻麻_263,ma2,與𣏟同。人所治，在屋下。从广从𣏟。凡麻之屬皆从麻。,,⿇麻麻,莫遐切 門車反,334,88,ㄇㄚ2,4512,七下
264,尗,尗_264,shu1,豆也。象尗豆生之形也。凡尗之屬皆从尗。,,尗,式竹切 式六反,335,88,ㄕㄨ1,4516,七下
265,耑,耑_265,duan1 zhuan1,物初生之題也。上象生形，下象其根也。凡耑之屬皆从耑。 ●臣鉉等曰：中一，地也。,,耑,多官切 下桓反,336,89,ㄉㄨㄢ1 ㄓㄨㄢ1,4518,七下
266,韭,韭_266,jiu3 zhuan1,菜名。一穜而久者，故謂之韭。象形，在一之上。一，地也。此與耑同意。凡韭之屬皆从韭。,,韭⾲,舉友切 句有反,337,89,ㄐㄧㄡ3 ㄓㄨㄢ1,4519,七下
267,瓜,瓜_267,gua1 gua1,蓏也。象形。凡瓜之屬皆从瓜。,,瓜⽠𤓰,古華切 古華反,338,89,ㄍㄨㄚ1 ㄍㄨㄚ1,4525,七下
268,瓠,瓠_268,hu4,匏也。从瓜夸聲。凡瓠之屬皆从瓠。,,瓠,胡誤切 下故反,338,90,ㄏㄨ4,4532,七下
269,宀,宀_269,mian2,交覆深屋也。象形。凡宀之屬皆从宀。,,宀⼧,武延切 滅仙反,339,90,ㄇㄧㄢ2,4534,七下
270,宮,宮_270,gong1,室也。从宀，躳省聲。凡宮之屬皆从宮。,,宮,居戎切 居窮反,341,90,ㄍㄨㄥ1,4608,七下
271,呂,呂_271,lv3,脊骨也。象形。昔太嶽爲禹心呂之臣，故封呂矦。凡呂之屬皆从呂。 ▲篆文呂从𠕎从𣃨。,,呂吕膂,力舉切 力女反,341,90,ㄌㄩ3,4610,七下
272,穴,穴_272,xue2,土室也。从宀八聲。凡穴之屬皆从穴。,,穴⽳,胡決切 乎決反,342,91,ㄒㄩㄝ2,4612,七下
273,㝱,㝱_273,meng4,寐而有覺也。从宀从𤕫，夢聲。《周禮》：“以日月星辰占六㝱之吉凶：一曰正㝱，二曰㖾㝱，三曰思㝱，四曰悟㝱，五曰喜㝱，六曰懼㝱。”凡㝱之屬皆从㝱。(艹),,㝱,莫鳳切 忙弄反,343,91,ㄇㄥ4,4663,七下
274,𤕫疒,𤕫疒_274,ne4 chuang2,倚也。人有疾病，象倚箸之形。凡疒之屬皆从𤕫。,,𤕫𤕬疒⽧,女厄切 女戹反,344,91,ㄋㄜ4 ㄔㄨㄤ2,4673,七下
275,冂冖,冂冖_275,mi4,覆也。从一下垂也。凡冖之屬皆从冖。 ●臣鉉等曰：今俗作冪，同。,,冖⼍冪幂,莫狄切 眠狄反,345,92,ㄇㄧ4,4775,七下
276,𠔼,𠔼_276,mao3,重覆也。从冂、一。凡𠔼之屬皆从𠔼。讀若艸苺之苺。,,𠔼,莫保切 莫保反,346,92,ㄇㄠ3,4779,七下
277,冃,冃_277,mao4,小兒蠻夷頭衣也。从冂；二，其飾也。凡冃之屬皆从冃。,,冃⺜帽,莫報切 忙報反,347,92,ㄇㄠ4,4783,七下
278,㒳,㒳_278,liang3,再也。从冂，闕。《易》曰：“參天㒳地。”凡㒳之屬皆从㒳。,,㒳,良奬切 里飬反,348,93,ㄌㄧㄤ3,4788,七下
279,网,网_279,wang3,庖犧所結繩以漁。从冂，下象网交文。凡网之屬皆从网。 ●今經典變隸作𦉰。 ▲网或从兦。 ▲网或从糸。 ▲古文网。 ▲籒文网。,,网⽹𦉸㒺罔𦋟網𠕈𦉯𦉰⺲,文紡切 文爽反,349,93,ㄨㄤ3,4791,七下
280,襾,襾_280,ya4 xia4,覆也。从冂，上下覆之。凡襾之屬皆从襾。讀若𣇩。,,襾⾑⻃覀,呼訝切 吼迓反,351,93,ㄧㄚ4 ㄒㄧㄚ4,4828,七下
281,巾,巾_281,jin1,佩巾也。从冂，丨象系也。凡巾之屬皆从巾。,,巾⼱,居銀切 巳申反,352,94,ㄐㄧㄣ1,4832,七下
282,巿,巿_282,fu2,韠也。上古衣蔽前而已，巿以象之。天子朱巿，諸矦赤巿，大夫葱衡。从巾，象連帶之形。凡巿之屬皆从巿。 ▲篆文巿从韋从犮。 ●臣鉉等曰：今俗作紱，非是。,,巿韍紱,分勿切 分勿反,353,94,ㄈㄨ2,4903,七下
283,帛,帛_283,bo2,繒也。从巾白聲。凡帛之屬皆从帛。,,帛,旁陌切 陪陌反,354,94,ㄅㄛ2,4905,七下
284,白,白_284,bai2,西方色也。陰用事，物色白。从入合二。二，陰數。凡白之屬皆从白。 ▲古文白。,,白⽩𦣺𠓞,旁陌切 陪陌反,355,95,ㄅㄞ2,4907,七下
285,㡀,㡀_285,bi4,敗衣也。从巾，象衣敗之形。凡㡀之屬皆从㡀。,,㡀,毗祭切 毗制反,356,94,ㄅㄧ4,4918,七下
286,黹,黹_286,zhi3,箴縷所紩衣。从㡀，丵省。凡黹之屬皆从黹。 ●臣鉉等曰：丵，眾多也，言箴縷之工不一也。,,黹⿋,陟几切 眠雉反,356,94,ㄓ3,4920,七下
287,人,人_287,ren2,天地之性最貴者也。此籒文。象臂脛之形。凡人之屬皆从人。,,人⼈亻⺅,如鄰切 爾申反,360,95,ㄖㄣ2,4926,八上
288,𠤎,𠤎_288,hua4,變也。从到人。凡𠤎之屬皆从𠤎。,,𠤎,呼跨切 呼跨反,362,95,ㄏㄨㄚ4,5189,八上
289,匕,匕_289,bi3,相與比敘也。从反人。匕，亦所以用比取飯，一名柶。凡匕之屬皆从匕。,,匕⼔,卑履切,363,96,ㄅㄧ3,5193,八上
290,从,从_290,cong2 zong4,相聽也。从二人。凡从之屬皆从从。,,从,疾容切 自邕反,364,97,ㄘㄨㄥ2 ㄗㄨㄥ4,5202,八上
291,比,比_291,bi3 bi4,密也。二人爲从，反从爲比。凡比之屬皆从比。 ▲古文比。,,比⽐夶芘䷇Y_匕从北丠丘𠀤篦櫛梳䇫,毗至切 並止反,366,97,ㄅㄧ3 ㄅㄧ4,5205,八上
292,北,北_292,bei4 bei3,𦮃也。从二人相背。凡北之屬皆从北。,,北,博墨切 補或反,367,97,ㄅㄟ4 ㄅㄟ3,5207,八上
293,丠丘,丠丘_293,qiu1,土之高也，非人所爲也。从北从一。一，地也，人居在丠南，故从北。中邦之居，在崐崘東南。一曰四方高，中央下爲丠。象形。凡丠之屬皆从丠。今隷變作丘。 ▲古文从土。,,丠丘𠀉㘳𡊣,去鳩切 起秋反,368,98,ㄑㄧㄡ1,5209,八上
294,㐺乑,㐺乑_294,yin2,眾立也。从三人。凡乑之屬皆从㐺。讀若欽崟。,,㐺乑众,魚音切 銀欽反,369,98,ㄧㄣ2,5212,八上
295,𡈼,𡈼_295,ting3,善也。从人士。士，事也。一曰象物出地挺生也。凡𡈼之屬皆从𡈼。 ●臣鉉等曰：人在土上，𡈼然而立也。,,𡈼𡔛,他鼎切 他挺反,370,98,ㄊㄧㄥ3,5216,八上
296,重,重_296,zhong4,厚也。从𡈼東聲。凡重之屬皆从𡍺。 ●徐鍇曰：“𡈼者，人在土上，故爲厚也。”,,𡍺重,柱用切,372,99,ㄓㄨㄥ4,5220,八上
297,臥,臥_297,wo4,休也。从人、臣，取其伏也。凡臥之屬皆从臥。,,臥卧,吾貨切 吳貨反,373,99,ㄨㄛ4,5222,八上
298,身,身_298,shen1,躳也。象人之身。从人𠂆聲。凡身之屬皆从身。,,身⾝,失人切 式人反,373,100,ㄕㄣ1,5226,八上
299,𠂣㐆,𠂣㐆_299,yi1 yin3,歸也。从反身。凡㐆之屬皆从𠂣。 ●徐鍇曰：“古人所謂反身修道。故曰㱕也。”,,𠂣㐆,於機切 於機反,374,100,ㄧ1 ㄧㄣ3,5228,八上
300,衣,衣_300,yi1,依也。上曰衣，下曰裳。象覆二人之形。凡衣之屬皆从衣。,,衣⾐衤⻂,於稀切 於機反,376,100,ㄧ1,5230,八上
301,𧚍裘,𧚍裘_301,qiu2,皮衣也。从衣求聲。一曰象形，與衰同意。凡裘之屬皆从𧚍。 ▲古文省衣。,,𧚍裘求,巨鳩切 虔柔反,377,101,ㄑㄧㄡ2,5349,八上
302,老,老_302,lao3,考也。七十曰老。从人、毛、𠤎。言須髮變白也。凡老之屬皆从老。,,老⽼,盧皓切 勒抱反,378,101,ㄌㄠ3,5351,八上
303,毛,毛_303,mao2,眉髮之屬及獸毛也。象形。凡毛之屬皆从毛。,,毛⽑,莫袍切 門高反,379,101,ㄇㄠ2,5361,八上
304,毳,毳_304,cui4,獸細毛也。从三毛。凡毳之屬皆从毳。,,毳,此芮切 此芮反,379,101,ㄘㄨㄟ4,5374,八上
305,尸,尸_305,shi1,陳也。象臥之形。凡尸之屬皆从尸。,,尸⼫,式脂切 申離反,380,102,ㄕ1,5376,八上
306,尺,尺_306,chi3,十寸也。人手卻十分動脈爲寸口。十寸爲尺。尺，所以指尺規榘事也。从尸从乙。乙，所識也。周制，寸、尺、咫、尋、常、仞諸度量，皆以人之體爲法。凡尺之屬皆从尺。,,尺,昌石切 昌夕反,381,102,ㄔ3,5400,八下
307,尾,尾_307,wei3,微也。从到毛在尸後。古人或飾系尾，西南夷亦然。凡尾之屬皆从㞑。 ●今隸變作尾。,,尾㞑,無斐切 亡斐反,382,102,ㄨㄟ3,5402,八下
308,𡳐履,𡳐履_308,lv3 li3,足所依也。从尸从彳从夊，舟象履形。一曰尸聲。凡履之屬皆从𡳐。 ▲古文履从𩑋从足。,,𡳐履𩕎䷉,良止切 六矣反,384,102,ㄌㄩ3 ㄌㄧ3,5406,八下
309,舟,舟_309,zhou1,船也。古者，共鼓、貨狄，刳木爲舟，剡木爲楫，以濟不通。象形。凡舟之屬皆从舟。,,舟⾈,職流切 隻留反,385,102,ㄓㄡ1,5412,八下
310,方,方_310,fang1 fang2 pang2,併船也。象兩舟省、緫頭形。凡方之屬皆从方。 ▲方或从水。,,方⽅汸,府良切 府昌反,386,103,ㄈㄤ1 ㄈㄤ2 ㄆㄤ2,5428,八下
311,儿,儿_311,ren2,仁人也。古文奇字人也。象形。孔子曰：“人在下，故詰屈。”凡儿之屬皆从儿。,,儿⼉人,如鄰切 爾申反,387,103,ㄖㄣ2,5430,八下
312,兄,兄_312,xiong1,長也。从儿从口。凡兄之屬皆从兄。,,兄,許榮切 喧京反,388,104,ㄒㄩㄥ1,5436,八下
313,兂,兂_313,zen1 zan1,首笄也。从儿，匕象簪形。凡兂之屬皆从兂。 ▲俗兂从竹从朁。,,兂簪,側岑切 阻琴反,390,104,ㄗㄣ1 ㄗㄢ1,5438,八下
314,皃,皃_314,mao4,頌儀也。从儿，白象人面形。凡皃之屬皆从皃。 ▲皃或从𩑋，豹省聲。 ▲籒文皃从豹省。,,皃㒵䫉貌𧳖,莫敎切 沒敎反,390,104,ㄇㄠ4,5440,八下
315,𠑹,𠑹_315,gu3,廱蔽也。从儿，象左右皆蔽形。凡𠑹之屬皆从𠑹。讀若瞽。,,𠑹𠒂,公戶切 公戶反,391,104,ㄍㄨ3,5442,八下
316,先,先_316,xian1,前進也。从儿从𡳿。凡先之屬皆从先。 ●臣鉉等曰：之人上，是先也。,,先,穌前切 蒐前反,393,105,ㄒㄧㄢ1,5444,八下
317,禿秃,禿秃_317,tu1,無髮也。从儿，上象禾粟之形，取其聲。凡禿之屬皆从禿。王育說：蒼頡出見禿人伏禾中，因以制字。未知其審。,,禿秃,他谷切 他哭反,393,105,ㄊㄨ1,5446,八下
318,見,見_318,jian4 xian4,視也。从儿从目。凡見之屬皆从見。,,見⾒,古甸切 經硯反,394,105,ㄐㄧㄢ4 ㄒㄧㄢ4,5448,八下
319,覞,覞_319,yao4,竝視也。从二見。凡覞之屬皆从覞。,,覞,弋笑切 異召反,395,105,ㄧㄠ4,5494,八下
320,欠,欠_320,qian4,張口气悟也。象气从人上出之形。凡欠之屬皆从欠。,,欠⽋,去劒切 丘劍反,396,106,ㄑㄧㄢ4,5497,八下
321,㱃,㱃_321,yin3,歠也。从欠酓聲。凡㱃之屬皆从㱃。 ▲古文㱃从今、水。 ▲古文㱃从今、𠊊。,,㱃𣲎𩚜飲飮,於錦切 九沈反,397,106,ㄧㄣ3,5563,八下
322,㳄,㳄_322,xian2,慕欲口液也。从欠从水。凡㳄之屬皆从㳄。 ▲㳄或从𠈉。 ▲籒文㳄。,,㳄𣶚𣶙,敘連切 夕違反,398,106,ㄒㄧㄢ2,5565,八下
323,㒫旡,㒫旡_323,ji4,㱃食气屰不得息曰㒫。从反欠。凡㒫之屬皆从㒫。 ●今變隸作旡。 ▲古文㒫。,,㒫旡⺛𠑶𠘸,居未切 居志反,399,106,ㄐㄧ4,5569,八下
324,𩑋頁,𩑋頁_324,xie2,頭也。从𦣻从儿。古文䭫首如此。凡頁之屬皆从𩑋。 ●𦣻者，䭫首字也。,,頁⾴𩑋,胡結切 羊截反,400,107,ㄒㄧㄝ2,5572,九上
325,𦣻,𦣻_325,shou3,頭也。象形。凡𦣻之屬皆从𦣻。,,𦣻,書九切 式九反,401,107,ㄕㄡ3,5665,九上
326,𡇢面,𡇢面_326,mian4,顏前也。从𦣻，象人面形。凡面之屬皆从𡇢。,,𡇢面⾯靣,彌箭切 弭釧反,402,107,ㄇㄧㄢ4,5667,九上
327,丏,丏_327,mian3,不見也。象壅蔽之形。凡丏之屬皆从丏。,,丏,彌兖切 彌件反,402,108,ㄇㄧㄢ3,5672,九上
328,𩠐首,𩠐首_328,shou3,𦣻同。古文𦣻也。巛象髮，謂之鬊，鬊卽巛也。凡首之屬皆从𩠐。,,𩠐⻡首⾸𦣻,書九切 式九反,403,108,ㄕㄡ3,5673,九上
329,𥄉県,𥄉県_329,jiao1,到首也。賈侍中說。此斷首到縣𥄉字。凡県之屬皆从𥄉。,,𥄉県,古堯切 堅簫反,404,108,ㄐㄧㄠ1,5676,九上
330,須,須_330,xu1,面毛也。从𩑋从彡。凡須之屬皆从須。 ●臣鉉等曰：此本須鬢之須。頁，首也。彡，毛飾也。借爲所須之須。俗書从水，非是。,,須鬚,相俞切 四于反,405,109,ㄒㄩ1,5678,九上
331,彡,彡_331,shan1,毛飾畫文也。象形。凡彡之屬皆从彡。,,彡⼺,所銜切 所咸反,406,109,ㄕㄢ1,5683,九上
332,彣,彣_332,wen2,㦽也。从彡从文。凡彣之屬皆从彣。,,彣,無分切 無云反,408,109,ㄨㄣ2,5693,九上
333,文,文_333,wen2,錯畫也。象交文。凡文之屬皆从文。,,文⽂,無分切 無云反,409,109,ㄨㄣ2,5695,九上
334,髟,髟_334,biao1 shan1,長髮猋猋也。从長从彡。凡髟之屬皆从髟。,,髟⾽,所銜切 所咸反,410,110,ㄅㄧㄠ1 ㄕㄢ1,5699,九上
335,后,后_335,hou4,繼體君也。象人之形。施令以告四方，故厂之。从一、口。發號者，君后也。凡后之屬皆从后。,,后,胡口切 旱斗反,411,110,ㄏㄡ4,5741,九上
336,司,司_336,si1,臣司事於外者。从反后。凡司之屬皆从司。,,司,息兹切 息茲反,412,110,ㄙ1,5743,九上
337,卮巵,卮巵_337,zhi1,圜器也。一名觛。所以節飲食。象人，卪在其下也。《易》曰：“君子節飲食。”凡巵之屬皆从巵。,,卮巵𠨗,章移切 章移反,412,110,ㄓ1,5745,九上
338,卪卩,卪卩_338,jie2,瑞信也。守國者用玉卪，守都鄙者用角卪，使山邦者用虎卪，士邦者用人卪，澤邦者用龍卪，門關者用符卪，貨賄用璽卪，道路用旌卪。象相合之形。凡卪之屬皆从卪。,,卪𢎛卩⼙_𠨖㔿𠨍節巴巳㔾色𠬝丞令辟⻏邑阝𨸏f,子結切 卽血反,413,110,ㄐㄧㄝ2,5748,九上
339,印,印_339,yin4,執政所持信也。从爪从卪。凡印之屬皆从印。,,印,於刃切 伊鎮反,415,111,ㄧㄣ4,5761,九上
340,色,色_340,se4,顏气也。从人从卪。凡色之屬皆从色。 ▲古文。,,色⾊𢒸,所力切 疏憶反,416,111,ㄙㄜ4,5763,九上
341,𠨍卯,𠨍卯_341,qing1,事之制也。从卩、㔿。凡𠨍之屬皆从𠨍。闕。,,𠨍卯,去京切 起明反,417,112,ㄑㄧㄥ1,5766,九上
342,辟,辟_342,bi4,法也。从卪从辛，節制其辠也；从口，用法者也。凡辟之屬皆从辟。,,辟,必益切 卑僻反,419,112,ㄅㄧ4,5768,九上
343,勹,勹_343,bao1,裹也。象人曲形，有所包裹。凡勹之屬皆从勹。,,勹⼓,布交切 北交反,420,112,ㄅㄠ1,5771,九上
344,包,包_344,bao1,象人褢妊，巳在中，象子未成形也。元气起於子。子，人所生也。男左行三十，女右行二十，俱立於巳，爲夫婦。褢妊於巳，巳爲子，十月而生。男起巳至寅，女起巳至申。故男秊始寅，女秊始申也。凡包之屬皆从包。(勹),,包,布交切 北交反,421,112,ㄅㄠ1,5786,九上
345,茍,茍_345,ji4,自急敕也。从羊省，从包省。从口，口猶愼言也。从羊，羊與義、善、美同意。凡茍之屬皆从茍。(艹) ▲古文羊不省。,,茍𦲆,己力切 己力反,422,113,ㄐㄧ4,5789,九上
346,鬼,鬼_346,gui3,人所歸爲鬼。从人，象鬼頭。鬼陰气賊害，从厶。凡鬼之屬皆从鬼。 ▲古文从示。,,鬼⿁⻤𩲚𩲡,居偉切 矩毀反,423,113,ㄍㄨㄟ3,5791,九上
347,甶,甶_347,fu2,鬼頭也。象形。凡甶之屬皆从甶。,,甶,敷勿切 分勿反,424,113,ㄈㄨ2,5811,九上
348,厶,厶_348,si1,姦衺也。韓非曰：“蒼頡作字，自營爲厶。”凡厶之屬皆从厶。,,厶⼛,息夷切 先茲反,425,113,ㄙ1,5814,九上
349,嵬,嵬_349,wei2,高不平也。从山鬼聲。凡嵬之屬皆从嵬。,,嵬,五灰切 五枚反,426,114,ㄨㄟ2,5817,九上
350,山,山_350,shan1,宣也。宣气𢿱，生萬物，有石而高。象形。凡山之屬皆从山。,,山⼭,所閒切 色閑反,427,114,ㄕㄢ1,5819,九下
351,屾,屾_351,shen1,二山也。凡屾之屬皆从屾。,,屾,所臻切 所臻反,428,115,ㄕㄣ1,5884,九下
352,屵,屵_352,e4,岸高也。从山、厂，厂亦聲。凡屵之屬皆从屵。,,屵,五葛切 顏遏反,429,115,ㄜ4,5886,九下
353,广,广_353,yan3 an1,因广爲屋，象對刺高屋之形。凡广之屬皆从广。讀若儼然之儼。,,广⼴,魚儉切 牛儉反,429,115,ㄧㄢ3 ㄢ1,5892,九下
354,厂,厂_354,han3,山石之厓巖，人可居。象形。凡厂之屬皆从厂。 ▲籒文从干。,,厂⼚厈,呼旱切 享早反,430,115,ㄏㄢ3,5947,九下
355,丸,丸_355,wan2,圜，傾側而轉者。从反仄。凡丸之屬皆从丸。,,丸,胡官切 戶寒反,431,116,ㄨㄢ2,5974,九下
356,危,危_356,wei1,在高而懼也。从厃，自卪止之。凡危之屬皆从危。,,危,魚爲切 虞爲反,432,116,ㄨㄟ1,5978,九下
357,石,石_357,shi2,山石也。在厂之下；囗，象形。凡石之屬皆从石。,,石⽯,常隻切 神隻反,433,116,ㄕ2,5980,九下
358,長,長_358,chang2 zhang3,久遠也。从兀从𠤎。兀者，高遠意也。久則變化。兦聲。△者，倒兦也。凡長之屬皆从長。 ▲古文長。 ▲亦古文長。 ●臣鉉等曰：倒亡，不亡也。長久之義也。,,長⾧⻑镸⻒𨱗𠑷𠔊,直良切 寅良反,434,116,ㄔㄤ2 ㄓㄤ3,6038,九下
359,勿,勿_359,wu4,州里所建旗。象其柄，有三游。雜帛，幅半異。所以趣民，故遽，稱勿勿。凡勿之屬皆从勿。 ▲勿或从㫃。,,勿𣃦,文弗切 無弗反,436,117,ㄨ4,6042,九下
360,冄,冄_360,ran3,毛冄冄也。象形。凡冄之屬皆从冄。,,冄冉,而琰切 柔檢反,437,117,ㄖㄢ3,6044,九下
361,而,而_361,er2,頰毛也。象毛之形。《周禮》曰：“作其鱗之而。”凡而之屬皆从而。 ●臣鉉等曰：今俗別作髵，非是。,,而⽽髵,如之切 忍伊反,438,117,ㄦ2,6045,九下
362,豕,豕_362,shi3,彘也。竭其尾，故謂之豕。象毛足而後有尾。讀與豨同。凡豕之屬皆从豕。 ▲古文。 ●桉：今世字誤以豕爲彘，以彘爲豕。何以明之？爲啄琢从豕，蟸从彘。皆取其聲，以是明之。 ●臣鉉等曰：此語未詳，或後人所加。,,豕⾗𢁓,式視切 書爾反,440,117,ㄕ3,6047,九下
363,㣇,㣇_363,yi4,脩豪獸。一曰河內名豕也。从彑，下象毛足。凡㣇之屬皆从㣇。讀若弟。 ▲古文。 ▲籒文。,,㣇𢑞𧱈,羊至切 羊媚反,441,118,ㄧ4,6069,九下
364,彑,彑_364,ji4,豕之頭。象其銳，而上見也。凡彑之屬皆从彑。讀若罽。,,彑⺔⼹,居例切 居例反,442,119,ㄐㄧ4,6074,九下
365,豚,豚_365,tun2 tuan4,小豕也。从彖省，象形。从又持肉，以給祠祀。凡豚之屬皆从豚。 ▲篆文从𠕎、豕。,,𧱯𧱮𦜼豚𢄉,徒魂切 徒昆反,443,119,ㄊㄨㄣ2 ㄊㄨㄢ4,6079,九下
366,豸,豸_366,zhi4,獸長脊，行豸豸然，欲有所司殺形。凡豸之屬皆从豸。 ●司殺讀若伺𠊱之伺。,,豸⾘,池爾切 池倚反,444,119,ㄓ4,6081,九下
367,𤉡,𤉡_367,si4,如野牛而青。象形。與禽、离頭同。凡𤉡之屬皆从𤉡。 ▲古文从儿。,,𤉡𧰽𧱃兕,徐姊切 徐美反,446,119,ㄙ4,6102,九下
368,易,易_368,yi4,蜥易，蝘蜓，守宮也。象形。祕書說：日月爲易，象陰陽也。一曰从勿。凡易之屬皆从易。,,易,羊益切 移尺反,448,120,ㄧ4,6103,九下
369,象,象_369,xiang4,長鼻牙，南越大獸，三秊一乳，象耳牙四足之形。凡象之屬皆从象。,,象,徐兩切 似獎反,450,120,ㄒㄧㄤ4,6104,九下
370,馬,馬_370,ma3,怒也。武也。象馬頭髦尾四足之形。凡馬之屬皆从馬。 ▲古文。 ▲籒文馬與𢒠同，有髦。,,馬⾺𢒠𢒗,莫下切 莫者反,451,120,ㄇㄚ3,6106,十上
371,𢊁廌,𢊁廌_371,zhi4,解廌，獸也，似山牛，一角。古者決訟，令觸不直。象形，从豸省。凡廌之屬皆从𢊁。,,𢊁廌,宅買切 宅買反,451,120,ㄓ4,6226,十上
372,鹿,鹿_372,lu4,獸也。象頭角四足之形。鳥鹿足相似，从匕。凡鹿之屬皆从鹿。,,鹿⿅鹿,盧谷切 盧木反,453,121,ㄌㄩ4,6230,十上
373,麤,麤_373,cu1,行超遠也。从三鹿。凡麤之屬皆从麤。,,麤麄觕,倉胡切 村呼反,454,121,ㄘㄨ1,6256,十上
374,㲋,㲋_374,chuo4,獸也。似兔，青色而大。象形。頭與兔同，足與鹿同。凡㲋之屬皆从㲋。 ▲篆文。,,㲋𠜌𣬋㚟,丑略切 丑略反,455,121,ㄔㄨㄛ4,6258,十上
375,兔,兔_375,tu4,獸名。象踞，後其尾形。兔頭與㲋頭同。凡兔之屬皆从兔。,,兔兔,湯故切 土路反,456,121,ㄊㄨ4,6262,十上
376,萈,萈_376,huan2,山羊細角者。从兔足，𥄕聲。凡萈之屬皆从萈。讀若丸。寬字从此。(艹) ●臣鉉等曰：𥄕，徒結切，非聲。疑象形。,,萈羱,胡官切 戶寒反,457,122,ㄏㄨㄢ2,6268,十上
377,犬,犬_377,quan3,狗之有縣蹏者也。象形。孔子曰：“視犬之字如畫狗也。”凡犬之屬皆从犬。,,犬⽝犭⺨,苦泫切 睽畎反,458,122,ㄑㄩㄢ3,6269,十上
378,㹜犾,㹜犾_378,yin2,兩犬相齧也。从二犬。凡㹜之屬皆从犾。,,㹜犾,語斤切 語殷反,458,123,ㄧㄣ2,6356,十上
379,鼠,鼠_379,shu3,穴蟲之緫名也。象形。凡鼠之屬皆从鼠。,,鼠⿏䑕,書呂切 叔呂反,459,123,ㄕㄨ3,6359,十上
380,能,能_380,neng2,熊屬。足似鹿。从𠕎㠯聲。能獸堅中，故稱賢能；而彊壯，稱能傑也。凡能之屬皆从能。 ●臣鉉等曰：㠯非聲。疑皆象形。,,能,奴登切 柰登反,460,123,ㄋㄥ2,6379,十上
381,熊,熊_381,xiong2,獸似豕。山居，冬蟄。从能，炎省聲。凡熊之屬皆从熊。,,熊,羽弓切 于戎反,461,123,ㄒㄩㄥ2,6380,十上
382,火,火_382,huo3,燬也。南方之行，炎而上。象形。凡火之屬皆从火。,,火⽕⺣,呼果切 呼朵反,462,123,ㄏㄨㄛ3,6382,十上
383,炎,炎_383,yan2,火光上也。从重火。凡炎之屬皆从炎。,,炎,于廉切 延占反,463,124,ㄧㄢ2,6500,十上
384,𪐗黑,𪐗黑_384,hei1,火所熏之色也。从炎，上出𡆧。𡆧，古窗字。凡黑之屬皆从𪐗。,,𪐗黑⿊黒,呼北切 享勒反,464,124,ㄏㄟ1,6508,十上
385,囪囱,囪囱_385,chuang1 cong1,在牆曰牖，在屋曰囪。象形。凡囪之屬皆从囪。 ▲或从穴。 ▲古文。,,囪囱匆窗𡆧牎牕_囟𦥓囦卥卤西牖窻䆫悤怱勿黑曾,楚江切 楚尨反,464,124,ㄔㄨㄤ1 ㄘㄨㄥ1,6545,十下
386,焱,焱_386,yan4,火華也。从三火。凡焱之屬皆从焱。,,焱,以冄切 羊染反,465,125,ㄧㄢ4,6547,十下
387,炙,炙_387,zhi4,炮肉也。从𠕎在火上。凡炙之屬皆从炙。 ▲籒文。,,炙𤐬,之石切 眞石反,466,125,ㄓ4,6550,十下
388,𤆍赤,𤆍赤_388,chi4,南方色也。从大从火。凡赤之屬皆从𤆍。 ▲古文从炎、土。,,𤆍赤⾚烾,昌石切 昌夕反,467,125,ㄔ4,6553,十下
389,大,大_389,da4 tai4,天大，地大，人亦大。故大象人形。古文大(他達切)也。凡大之屬皆从大。,,大⼤太,徒蓋切 特奈反,467,125,ㄉㄚ4 ㄊㄞ4,6564,十下
390,𡗕亦,𡗕亦_390,yi4,人之臂𡗕也。从大，象兩𡗕之形。凡亦之屬皆从𡗕。 ●臣鉉等曰：今別作腋，非是。,,𡗕𡗜亦腋,羊益切 移赤反,469,126,ㄧ4,6582,十下
391,夨,夨_391,ze4,傾頭也。从大，象形。凡夨之屬皆从夨。,,夨,阻力切 齊食反,470,126,ㄗㄜ4,6584,十下
392,夭,夭_392,yao1,屈也。从大，象形。凡夭之屬皆从夭。,,夭,於兆切 依少反,471,126,ㄧㄠ1,6588,十下
393,交,交_393,jiao1,交脛也。从大，象交形。凡交之屬皆从交。,,交,古爻切 加肴反,472,127,ㄐㄧㄠ1,6592,十下
394,尣尢,尣尢_394,wang1,𤿑，曲脛也。从大，象偏曲之形。凡尣之屬皆从尣。 ▲古文从𡉚。,,尣⺏⺑𡯁尢⼪⺐𡯪𡯭𡯲尩尪,烏光切 烏光反,473,127,ㄨㄤ1,6595,十下
395,𡔲壷壺,𡔲壷壺_395,hu2,昆吾圜器也。象形。从大，象其蓋也。凡壺之屬皆从𡔲。,,𡔲壷壺_壼𡕂㚃𡕈𡕍亞𠁁𡔹壹,戶吳切 魂孤反,474,127,ㄏㄨ2,6607,十下
396,壹,壹_396,yi1 yin1,專壹也。从𡔲吉聲。凡壹之屬皆从𡕍。,,𡕍𡔹壹絪氤_𡕂㚃𡕈𡔲壷壺㦤懿亞𠁁縕氳一s,於悉切 於眞切 伊吉反,475,128,ㄧ1 ㄧㄣ1,6609,十下
397,㚔幸,㚔幸_397,nie4,所以驚人也。从大从𢆉。一曰大聲也。凡㚔之屬皆从㚔。一曰讀若瓠。一曰俗語以盜不止爲㚔，㚔讀若籋。,,㚔,尼輒切 女懾反,477,128,ㄋㄧㄝ4,6611,十下
398,奢,奢_398,she1,張也。从大者聲。凡奢之屬皆从奢。 ●臣鉉等曰：今俗作以爲㗬厚之㗬，非是。,,奢奓㗬,式車切 申嗟反,478,128,ㄕㄜ1,6618,十下
399,亢,亢_399,gang1 kang4,人頸也。从大省，象頸脈形。凡亢之屬皆从亢。 ▲亢或从𩑋。,,亢頏,古郞切 格康反,479,129,ㄍㄤ1 ㄎㄤ4,6620,十下
400,夲,夲_400,tao1,進趣也。从大从十。大十，猶兼十人也。凡夲之屬皆从夲。讀若滔。,,夲𠦍,土刀切 偷勞反,480,129,ㄊㄠ1,6622,十下
401,夰,夰_401,gao3,放也。从大而八分也。凡夰之屬皆从夰。,,夰,古老切 姦皓反,481,129,ㄍㄠ3,6628,十下
402,亣大,亣大_402,da4,籒文大，改古文。亦象人形。凡大之屬皆从亣。,,亣大⼤,他達切 他末反,482,129,ㄉㄚ4,6633,十下
403,夫,夫_403,fu1 fu2,丈夫也。从亣，一以象簪也。周制以八寸爲尺，十尺爲丈。人長八尺，故曰丈夫。凡夫之屬皆从夫。,,夫_㚘夰亣天失矢大寸尺丈,甫無切 甫殳反,483,130,ㄈㄨ1 ㄈㄨ2,6641,十下
404,立,立_404,li4,住也。从亣，立一之上。凡立之屬皆从立。 ●臣鉉等曰：亣，人也。一，地也。會意。,,立⽴立𡗓,力入切 里汲反,485,130,ㄌㄧ4,6644,十下
405,竝並,竝並_405,bing4,併也。从二立。凡竝之屬皆从竝。,,竝並𠀤,蒲迥切 頻靜反,485,130,ㄅㄧㄥ4,6663,十下
406,囟,囟_406,xin4,頭會，匘蓋也。象形。凡囟之屬皆从囟。 ▲或从𠕎、宰。 ▲古文囟字。,,囟𦥓𦞤𠙷_甶田𠙹𠙾凷甾𠚋㛴惱𡿺囪囱匆思卥卤西,息進切 思震反,486,130,ㄒㄧㄣ4,6665,十下
407,思,思_407,si1,容也。从心囟聲。凡思之屬皆从恖。,,恖𢙦思,息兹切 息茲反,487,131,ㄙ1,6668,十下
408,心,心_408,xin1,人心，土藏，在身之中。象形。博士說以爲火藏。凡心之屬皆从心。,,心⼼忄⺖⺗,息林切 昔任反,488,131,ㄒㄧㄣ1,6670,十下
409,惢,惢_409,suo3 rui3,心疑也。从三心。凡惢之屬皆从惢。讀若《易》“旅瑣瑣”。,,惢蕊橤,才累切 津宜反,489,131,ㄙㄨㄛ3 ㄖㄨㄟ3,6946,十下
410,水,水_410,shui3,準也。北方之行。象眾水並流，中有微陽之气也。凡水之屬皆从水。,,水⽔⺢氵⺡_仌冫沝𣲙淼𡿨巜巛川,式軌切 式癸反,491,131,ㄕㄨㄟ3,6948,十一上
411,沝,沝_411,zhui3,二水也。闕。凡沝之屬皆从沝。,,沝𣲙,之壘切 職累反,492,132,ㄓㄨㄟ3,7435,十一下
412,瀕,瀕_412,pin2 bin1,水厓，人所賓附，頻蹙不前而止。从𩑋从涉。凡頻之屬皆从𩔤。 ●臣鉉等曰：今俗別作水賓，非是。,,𩕨𩔤瀕頻濱濵,符眞切 婢民反,493,132,ㄆㄧㄣ2 ㄅㄧㄣ1,7438,十一下
413,𡿨,𡿨_413,quan3,水小流也。《周禮》：“匠人爲溝洫，㭒廣五寸，二㭒爲耦；一耦之伐，廣尺、深尺，謂之𡿨。”倍𡿨謂之遂；倍遂曰溝；倍溝曰洫；倍洫曰巜。凡𡿨之屬皆从𡿨。 ▲古文𡿨从田从巛。 ▲篆文𡿨从田犬聲。六畎爲一畝。,,𡿨𤰝甽畎く_巜巛川水㭒耦遂溝洫,姑泫切 激犬反,494,132,ㄑㄩㄢ3,7440,十一下
414,巜,巜_414,kuai4,水流澮澮也。方百里爲巜，廣二尋，深二仞。凡巜之屬皆从巜。,,巜,古外切 古冣反,495,133,ㄎㄨㄞ4,7441,十一下
415,巛川,巛川_415,chuan1,貫穿通流水也。《虞書》曰：“濬𡿨巜，距川。”言深𡿨巜之水會爲川也。凡川之屬皆从巛。,,巛⼮川𫶧_𡿨巜𡿧災葘菑甾州水,昌緣切 叱專反,496,133,ㄔㄨㄢ1,7443,十一下
416,泉,泉_416,quan2,水原也。象水流出成川形。凡泉之屬皆从泉。,,泉,疾緣切 族延反,497,134,ㄑㄩㄢ2,7453,十一下
417,灥,灥_417,xun2,三泉也。闕。凡灥之屬皆从灥。,,灥𤿁,詳遵切 續倫反,498,134,ㄒㄩㄣ2,7455,十一下
418,永,永_418,yong3,長也。象水巠理之長。《詩》曰：“江之永矣。”凡永之屬皆从永。,,永𣱵,于憬切 雨省反,500,134,ㄩㄥ3,7457,十一下
419,𠂢,𠂢_419,pai4,水之衺流，別也。从反永。凡𠂢之屬皆从𠂢。讀若稗縣。 ●徐鍇曰：“永，長流也。反卽分𠂢也。”,,𠂢,匹卦切 匹賣反,501,135,ㄆㄞ4,7459,十一下
420,谷,谷_420,gu3,泉出通川爲谷。从水半見，出於口。凡谷之屬皆从谷。,,谷⾕𠔌,古祿切 孤速反,502,135,ㄍㄨ3,7462,十一下
421,仌冫,仌冫_421,bing1,凍也。象水凝之形。凡仌之屬皆从仌。,,仌仌冫⼎,筆陵切 彬仍反,503,135,ㄅㄧㄥ1,7470,十一下
422,雨,雨_422,yu3,水从雲下也。一象天，冂象雲，水霝其閒也。凡雨之屬皆从雨。 ▲古文。,,雨⾬⻗𠕲,王矩切 于補反,505,136,ㄩ3,7487,十一下
423,雲,雲_423,yun2,山川气也。从雨，云象雲回轉形。凡雲之屬皆从雲。 ▲古文省雨。 ▲亦古文雲。,,雲云,王分切 羽文反,505,136,ㄩㄣ2,7538,十一下
424,𤋳魚,𤋳魚_424,yu2,水蟲也。象形。魚尾與燕尾相似。凡魚之屬皆从𤋳。,,𤋳𤉯魚⿂,語居切 研余反,507,136,ㄩ2,7540,十一下
425,𩺰,𩺰_425,yu2,二魚也。凡𩺰之屬皆从𩺰。,,𩺰,語居切 研余反,507,136,ㄩ2,7646,十一下
426,燕,燕_426,yan4,玄鳥也。籋口，布翄，枝尾。象形。凡燕之屬皆从燕。,,燕鷰䴏讌醼,於甸切 於甸反,508,137,ㄧㄢ4,7648,十一下
427,龍,龍_427,long2,鱗蟲之長。能幽，能明，能細，能巨，能短，能長；春分而登天，秋分而潛淵。从𠕎，飛之形，童省聲。凡龍之屬皆从龍。 ●臣鉉等曰：象夗轉飛動之皃。,,龍⿓,力鍾切 力鍾反,509,137,ㄌㄨㄥ2,7649,十一下
428,飛,飛_428,fei1,鳥翥也。象形。凡飛之屬皆从飛。,,飛⾶,甫微切 甫肥反,511,137,ㄈㄟ1,7654,十一下
429,非,非_429,fei1,違也。从飛下翄，取其相背。凡非之屬皆从非。,,非⾮,甫微切 甫肥反,512,137,ㄈㄟ1,7656,十一下
430,卂,卂_430,xun4,疾飛也。从飛而羽不見。凡卂之屬皆从卂。,,卂,息晉切 思震反,513,137,ㄒㄩㄣ4,7661,十一下
431,𠃉乚,𠃉乚_431,ya4,玄鳥也。齊魯謂之𠃉。取其鳴自謼。象形。凡𠃉之屬借从𠃉。 ▲𠃉或从鳥。 ●徐鍇曰：“此與甲乙之乙相類，其形舉，首下曲，與甲乙字少異。”,,𠃉乚⺃𩾐鳦_乙𠃊乀乁礼札穵孔乳軋,烏轄切 厄戞反,513,138,ㄧㄚ4,7663,十二上
432,不,不_432,fou3 bu4,鳥飛上翔不下來也。从一，一猶天也。象形。凡不之屬皆从不。,,不,方久切 甫柔反,515,138,ㄈㄡ3 ㄅㄨ4,7666,十二上
433,至,至_433,zhi4,鳥飛从高下至地也。从一，一猶地也。象形。不，上去；而至，下來也。凡至之屬皆从至。 ▲古文至。,,至⾄𦤳,脂利切 戰媚反,516,138,ㄓ4,7668,十二上
434,㢴西,㢴西_434,xi1,鳥在巢上。象形。日在西方而鳥棲，故因以爲東西之西。凡西之屬皆从㢴。 ▲西或从木、妻。 ▲古文西。 ▲籒文西。(𠄎),,㢴棲栖卥卤西⻄_𠧪襾𠧟𠨅𠧴逌迺廼鹵囪囟,先稽切 斯低反,517,139,ㄒㄧ1,7674,十二上
435,鹵,鹵_435,lu3,西方鹹地也。从卤省，象鹽形。安定有鹵縣。東方謂之㡿，西方謂之鹵。凡鹵之屬皆从鹵。,,鹵⿄,郞古切 勒古反,518,139,ㄌㄩ3,7676,十二上
436,鹽,鹽_436,yan2,鹵也。天生曰鹵，人生曰鹽。从鹵𧗄聲。古者，宿沙初作煑海鹽。凡鹽之屬皆从鹽。,,鹽,余廉切 羊廉反,520,140,ㄧㄢ2,7679,十二上
437,戶,戶_437,hu4,護也。半門曰戶。象形。凡戶之屬皆从戶。 ▲古文戶从木。,,戶⼾戸户𠁣㦿_門戼卯丣酉启啟啓杘所𠂤𨸏阜,侯古切 桓土反,521,140,ㄏㄨ4,7682,十二上
438,門,門_438,men2,聞也。从二戶。象形。凡門之屬皆从門。(𠁣𠃛),,門⾨,莫奔切 莫魂反,522,140,ㄇㄣ2,7692,十二上
439,耳,耳_439,er3,主聽也。象形。凡耳之屬皆从耳。,,耳⽿,而止切 柔以反,523,140,ㄦ3,7754,十二上
440,𦣞,𦣞_440,yi2,𩔞也。象形。凡𦣞之屬皆从𦣝。 ▲篆文𦣞。 ▲籒文从𩠐。,,𦣝𦣞頤𩠡𩠢𩠛䷚,與之切 寅之反,524,141,ㄧ2,7787,十二上
441,手,手_441,shou3,拳也。象形。凡手之屬皆从手。 ▲古文手。,,手⼿龵𡴤扌⺘,書九切 式九反,525,141,ㄕㄡ3,7789,十二上
442,𠦬,𠦬_442,guai1,背呂也。象脅肋形。凡𠦬之屬皆从𠦬。,,𠦬乖,古懷切 骨淮反,526,141,ㄍㄨㄞ1,8067,十二上
443,女,女_443,nv3,婦人也。象形。王育說。凡女之屬皆从女。,,女⼥,尼呂切 尼舉反,528,142,ㄋㄩ3,8069,十二下
444,毋,毋_444,wu2,止之也。从女，有奸之者。凡毋之屬皆从毋。,,毋⽏,武扶切 文區反,529,142,ㄨ2,8314,十二下
445,民,民_445,min2,眾萌也。从古文之象。凡民之屬皆从民。 ▲古文民。,,民⺠,彌鄰切 彌鄰反,529,142,ㄇㄧㄣ2,8316,十二下
446,丿,丿_446,pie3,右戾也。象左引之形。凡丿之屬皆从丿。 ●徐鍇曰：“其爲文舉首而申體也。”,,丿⼃,房密切 依必反,531,143,ㄆㄧㄝ3,8318,十二下
447,𠂆⺁,𠂆⺁_447,yi4,抴也。明也。象抴引之形。凡𠂆之屬皆从𠂆。虒字从此。 ●徐鍇曰：“象丿而不舉首。”,,𠂆⺁,余制切 延世反,532,143,ㄧ4,8322,十二下
448,乁,乁_448,yi2,流也。从反𠂆。讀若移。凡乁之屬皆从乁。,,乁,弋支切 以支反,533,143,ㄧ2,8324,十二下
449,氏,氏_449,shi4,巴蜀山名，岸脅之㫄箸欲落𡐦者曰氏，氏崩，聲聞數百里。象形，乁聲。凡氏之屬皆从氏。楊雄賦：響若氏隤。,,氏⽒,承旨切 善紙反,535,144,ㄕ4,8326,十二下
450,氐,氐_450,di3,至本也。从氏下箸一。一，地也。凡氐之屬皆从氐。,,氐,丁禮切 的齊反,536,144,ㄉㄧ3,8328,十二下
451,戈,戈_451,ge1,平頭𢧢也。从弋，一橫之。象形。凡戈之屬皆从戈。,,戈⼽,古禾切 古多反,538,144,ㄍㄜ1,8332,十二下
452,戉,戉_452,yue4,大斧也。从戈𠄌聲。《司馬法》曰：“夏執玄戉，殷執白戚，周左杖黃戉，右秉白髦。”凡戉之屬皆从戉。” ●臣鉉等曰：今俗別作鉞，非是。,,戉,王伐切 于厥反,539,145,ㄩㄝ4,8358,十二下
453,我,我_453,wo3,施身自謂也。或說我，頃頓也。从戈从𠄒。𠄒，或說古垂字。一曰古殺字。凡我之屬皆从我。 ▲古文我。 ●徐鍇曰：“从戈者，取戈自持也。”,,我𢦠𢦓,五可切 顏左反,540,145,ㄨㄛ3,8360,十二下
454,亅,亅_454,jue2,鉤逆者謂之亅。象形。凡亅之屬皆从亅。讀若橜。,,亅⼅,衢月切 翟月反,541,146,ㄐㄩㄝ2,8362,十二下
455,珡,珡_455,qin2,禁也。神農所作。洞越。練朱五弦，周加二弦。象形。凡琴之屬皆从珡。 ▲古文珡从金。,,珡𤦡琴䥅,巨今切 巨今反,542,146,ㄑㄧㄣ2,8364,十二下
456,𠃊,𠃊_456,yin3,匿也，象𨒅曲隱蔽形。凡𠃊之屬皆从𠃊。讀若隱。,,𠃊𠃑,於謹切 依謹反,543,146,ㄧㄣ3,8368,十二下
457,兦亾亡,兦亾亡_457,wang2,逃也。从入从𠃊。凡亡之屬皆从兦。,,兦亾亡,武方切 勿強反,544,146,ㄨㄤ2,8370,十二下
458,匸,匸_458,xi4,衺徯，有所俠藏也。从𠃊，上有一覆之。凡匸之屬皆从匸。讀與傒同。,,匸⼖,胡禮切 亦啓反,545,147,ㄒㄧ4,8375,十二下
459,匚𠥓,匚𠥓_459,fang1,受物之器。象形。凡匚之屬皆从匚。讀若方。 ▲籒文匚。,,匚⼕𠥓,府良切 府昌反,546,147,ㄈㄤ1,8382,十二下
460,曲,曲_460,qu1 qu3,象器曲受物之形。或說：曲，蠶薄也。凡曲之屬皆从曲。 ▲古文曲。,,曲,丘玉切 牽六反,548,148,ㄑㄩ1 ㄑㄩ3,8401,十二下
461,甾𠙹,甾𠙹_461,zi1,東楚名缶曰甾。象形。凡甾之屬皆从甾。 ▲古文。,,甾𠚋𠙹𠙾_𠙷甾葘𧆨盧凷由𤲑田,側詞切 側持反,549,148,ㄗ1,8404,十二下
462,瓦,瓦_462,wa3,土器已燒之總名。象形。凡瓦之屬皆从瓦。,,瓦⽡,五寡切 五寡反,550,148,ㄨㄚ3,8409,十二下
463,弓,弓_463,gong1,以近窮遠。象形。古者揮作弓。《周禮》六弓：王弓、弧弓以射甲革甚質；夾弓、庾弓以射干矦鳥獸；唐弓、大弓以授學射者。凡弓之屬皆从弓。,,弓⼸,居戎切 堅終反,551,148,ㄍㄨㄥ1,8436,十二下
464,弜,弜_464,jiang4,彊也。从二弓。凡弜之屬皆从弜。,,弜,其兩切 其繈反,552,149,ㄐㄧㄤ4,8463,十二下
465,弦,弦_465,xian2,弓弦也。从弓，象絲軫之形。凡弦之屬皆从弦。 ●臣鉉等曰：今別作絃，非是。,,弦𢎺𢏛絃,胡田切 形先反,553,149,ㄒㄧㄢ2,8465,十二下
466,系,系_466,xi4,繫也。从糸丿聲。凡系之屬皆从系。 ▲系或从毄、處。 ▲籒文系从爪、絲。,,系𣫦𦃟,胡計切 異契反,554,149,ㄒㄧ4,8469,十二下
467,糸糹,糸糹_467,mi4,細絲也。象束絲之形。凡糸之屬皆从糸。讀若覛。 ▲古文糸。 ●徐鍇曰：“一蠶所吐爲忽，十忽爲絲。糸，五忽也。”,,糸⽷𢆯糹⺯,莫狄切,555,150,ㄇㄧ4,8473,十三上
468,𦃃素,𦃃素_468,su4,白緻繒也。从糸、𠂹，取其澤也。凡素之屬皆从𦃃。,,𦃃素,桑故切,555,150,ㄙㄨ4,8731,十三上
469,絲,絲_469,si1,蠶所吐也。从二糸。凡絲之屬皆从絲。,,絲𢇁,息兹切,556,150,ㄙ1,8737,十三上
470,率,率_470,shuai4 lv4,捕鳥畢也。象絲罔，上下其竿柄也。凡率之屬皆从率。,,率率,所律切,557,151,ㄕㄨㄞ4 ㄌㄩ4,8740,十三上
471,虫,虫_471,hui3 chong2,一名蝮，博三寸，首大如擘指。象其臥形。物之微細，或行，或毛，或蠃，或介，或鱗，以虫爲象。凡虫之屬皆从虫。,,虫⾍,許偉切,559,151,ㄏㄨㄟ3 ㄔㄨㄥ2,8741,十三上
472,䖵,䖵_472,kun1,蟲之緫名也。从二虫。凡䖵之屬皆从䖵。讀若昆。,,䖵,古魂切,560,151,ㄎㄨㄣ1,8901,十三下
473,蟲,蟲_473,chong2,有足謂之蟲，無足謂之豸。从三虫。凡蟲之屬皆从蟲。,,蟲,直弓切,561,151,ㄔㄨㄥ2,8926,十三下
474,風,風_474,feng1,八風也。東方曰明庶風，東南曰清明風，南方曰景風，西南曰涼風，西方曰閶闔風，西北曰不周風，北方曰廣莫風，東北曰融風。風動蟲生。故蟲八日而化。从虫凡聲。凡風之屬皆从風。 ▲古文風。,,風⾵𠙊,方戎切,562,151,ㄈㄥ1,8932,十三下
475,它,它_475,ta1 tuo1,虫也。从虫而長，象冤曲垂尾形。上古艸居患它，故相問無它乎。凡它之屬皆从它。 ▲它或从虫。 ●臣鉉等曰：今俗作食遮切。,,它蛇虵𧉮他,託何切 食遮切,563,152,ㄊㄚ1 ㄊㄨㄛ1,8948,十三下
476,龜,龜_476,gui1,舊也。外骨內肉者也。从它，龜頭與它頭同。天地之性，廣肩無雄；龜鼈之類，以它爲雄。象足甲尾之形。凡龜之屬皆从龜。 ▲古文龜。,,龜⻱⿔𤕣,居追切,565,152,ㄍㄨㄟ1,8949,十三下
477,𪓑黽,𪓑黽_477,meng3 min3,鼃黽也。从它，象形。黽頭與它頭同。凡黽之屬皆从𪓑。 ▲籒文黽。 ●臣鉉等曰：色，其腹也。,,𪓑𪓝黽⿌,莫杏切,566,152,ㄇㄥ3 ㄇㄧㄣ3,8952,十三下
478,卵,卵_478,luan3,凡物無乳者卵生。象形。凡卵之屬皆从卵。,,卵,盧管切,567,152,ㄌㄨㄢ3,8966,十三下
479,二,二_479,er4,地之數也。从偶一。凡二之屬皆从二。 ▲古文。,,二⼆弍S,而至切 仁至反,570,153,ㄦ4,8968,十三下
480,土,土_480,tu3,地之吐生物者也。二象地之下、地之中。丨，物出形也。凡土之屬皆从土。,,土⼟,它魯切,572,153,ㄊㄨ3,8974,十三下
481,垚,垚_481,yao2,土高也。从三土。凡垚之屬皆从垚。,,垚,吾聊切 研梟反,573,153,ㄧㄠ2,9118,十三下
482,堇,堇_482,qin2 jin3,黏土也。从土，从黃省。凡堇之屬皆从𡏳。 ▲▲皆古文堇。,,𡏳𦻍𡐳堇䒺,巨斤切 伎殷反,573,154,ㄑㄧㄣ2 ㄐㄧㄣ3,9120,十三下
483,里,里_483,li3,居也。从田从土。凡里之屬皆从里。,,里⾥,良止切 六矣反,575,154,ㄌㄧ3,9122,十三下
484,田,田_484,tian2,陳也。樹穀曰田。象四囗。十，阡陌之制也。凡田之屬皆从田。,,田⽥,待年切 笛前反,575,154,ㄊㄧㄢ2,9125,十三下
485,畕,畕_485,jiang1,比田也。从二田。凡畕之屬皆从畕。,,畕,居良切 九商反,576,155,ㄐㄧㄤ1,9154,十三下
486,黃,黃_486,huang2,地之色也。从田从炗，炗亦聲。炗，古文光。凡黃之屬皆从黃。 ▲古文黃。,,黃⿈黄𡕛,乎光切 戶荒反,577,155,ㄏㄨㄤ2,9156,十三下
487,男,男_487,nan2,丈夫也。从田从力。言男用力於田也。凡男之屬皆从男。,,男,那含切 年覃反,578,155,ㄋㄢ2,9162,十三下
488,力,力_488,li4,筋也。象人筋之形。治功曰力，能圉大災。凡力之屬皆从力。,,力⼒,林直切 留直反,578,155,ㄌㄧ4,9165,十三下
489,劦,劦_489,xie2,同力也。从三力。《山海經》曰：“惟號之山，其風若劦。”凡劦之屬皆从劦。,,劦,胡頰切 羊帖反,579,156,ㄒㄧㄝ2,9209,十三下
490,金,金_490,jin1,五色金也。黃爲之長。久薶不生衣，百鍊不輕，从革不違。西方之行。生於土，从土；左右注，象金在土中形；今聲。凡金之屬皆从金。 ▲古文金。,,𨤾𠊍金⾦釒,居音切 居斟反,580,156,ㄐㄧㄣ1,9213,十四上
491,幵开,幵开_491,jian1,平也。象二干對構，上平也。凡幵之屬皆从幵。徐鉉曰：“幵但象物平，無音義也。”,,幵开,古賢切 激賢反,582,156,ㄐㄧㄢ1,9417,十四上
492,勺,勺_492,zhuo2 shao2,挹取也。象形，中有實，與包同意。凡勺之屬皆从勺。,,勺㢧𢎚_句匀勻与句𠯶勹丩𠃚,之若切 眞若反,583,157,ㄓㄨㄛ2 ㄕㄠ2,9418,十四上
493,几,几_493,ji3,踞几也。象形。《周禮》五几：玉几、雕几、彤几、䰍几、素几。凡几之屬皆从几。,,几⼏,居履切 謹美反,584,157,ㄐㄧ3,9420,十四上
494,且,且_494,qie3 ju1,薦也。从几，足有二橫，一其下地也。凡且之屬皆从且。,,且,千也切 七賈反,585,158,ㄑㄧㄝ3 ㄐㄩ1,9424,十四上
495,斤,斤_495,jin1,斫木也。象形。凡斤之屬皆从斤。,,斤⽄,舉欣切 幾欣反,587,158,ㄐㄧㄣ1,9427,十四上
496,斗,斗_496,dou3,十升也。象形，有柄。凡斗之屬皆从斗。,,斗⽃𤣫𣁬,當口切 都厚反,588,158,ㄉㄡ3,9442,十四上
497,矛,矛_497,mao2,酋矛也。建於兵車，長二丈。象形。凡矛之屬皆从矛。 ▲古文矛从戈。,,矛⽭𢦵𢦧,莫浮切 莫浮反,589,159,ㄇㄠ2,9459,十四上
498,車,車_498,che1,輿輪之緫名。夏后時奚仲所造。象形。凡車之屬皆从車。 ▲籒文車。,,車⾞𨏖,尺遮切 恆夬反,591,159,ㄔㄜ1,9465,十四上
499,𠂤,𠂤_499,dui1,小𨸏也。象形。凡𠂤之屬皆从𠂤。 ●臣鉉等曰：今俗作堆。,,𠂤堆,都回切 都魁反,592,159,ㄉㄨㄟ1,9567,十四上
500,𨸏阜阝,𨸏阜阝_500,fu4,大陸，山無石者。象形。凡𨸏之屬皆从𨸏。 ▲古文。,,𨸏⻕𠼛阜⾩⻖阝_𠂤⻏邑卩卪𨺅戶陳𨸬碣陸,房九切 符九反,593,160,ㄈㄨ4,9570,十四下
501,𨺅阜,𨺅阜_501,sui4 fu4,兩𨸏之閒也。从二𨸏。凡𨺅之屬皆从𨺅。,,𨺅𨹺,似醉切 房九切 符九反,594,160,ㄙㄨㄟ4 ㄈㄨ4,9664,十四下
502,厽,厽_502,lei3,絫坺土爲牆壁。象形。凡厽之屬皆从厽。,,厽,力軌切 力委反,595,160,ㄌㄟ3,9668,十四下
503,四,四_503,si4,陰數也。象四分之形。凡四之屬皆从四。 ▲古文四。 ▲籒文四。,,四𠃢亖,息利切 素次反,596,160,ㄙ4,9671,十四下
504,宁,宁_504,zhu4,辨積物也。象形。凡宁之屬皆从宁。,,宁佇竚,直呂切 直與反,597,160,ㄓㄨ4,9672,十四下
505,叕,叕_505,zhuo2,綴聯也。象形。凡叕之屬皆从叕。,,叕,陟劣切 誅劣反,598,161,ㄓㄨㄛ2,9674,十四下
506,亞,亞_506,ya4,醜也。象人局背之形。賈侍中說：以爲次弟也。凡亞之屬皆从亞。,,亞,衣駕切 恩罵反,599,161,ㄧㄚ4,9676,十四下
507,五,五_507,wu3,五行也。从二，陰陽在天地閒交午也。凡五之屬皆从五。 ▲古文五省。 ●臣鉉等曰：二，天地也。,,𠄡五㐅,疑古切 隅古反,600,161,ㄨ3,9678,十四下
508,六,六_508,liu4,《易》之數，陰變於六，正於八。从入从八。凡六之屬皆从六。,,六六,力竹切 栗菊反,602,161,ㄌㄧㄡ4,9679,十四下
509,七,七_509,qi1,陽之正也。从一，微陰從中衺出也。凡七之屬皆从七。,,七,親吉切 秋日反,603,162,ㄑㄧ1,9680,十四下
510,九,九_510,jiu3,陽之變也。象其屈曲究盡之形。凡九之屬皆从九。,,九,舉有切 機柳反,604,162,ㄐㄧㄡ3,9681,十四下
511,厹禸,厹禸_511,rou2,獸足蹂地也。象形，九聲。《尔疋》曰：“狐貍貛貉醜，其足𨆌，其迹厹。”凡厹之屬皆从厹。 ▲篆文从足柔聲。,,厹⽱禸𠘯𠫗蹂,人九切 如紂反,605,162,ㄖㄡ2,9683,十四下
512,嘼,嘼_512,chu4 shou4,㹌也。象耳、頭、足厹地之形。 ◇▲古文嘼，下从厹。凡嘼之屬皆从嘼。,,嘼𠾧,許救切 楮又反,606,162,ㄔㄨ4 ㄕㄡ4,9690,十四下
513,甲,甲_513,jia3,東方之孟，陽气萌動，从木戴孚甲之象。一曰人頭玄爲甲，甲象人頭。凡甲之屬皆从甲。 ▲古文甲，始於十、見於千、成於木之象。,,甲𠇚,古狎切 溝呷反,608,163,ㄐㄧㄚ3,9692,十四下
514,乙,乙_514,yi3,象春艸木冤曲而出，陰气尙彊，其出乙乙也。與丨同意。乙承甲，象人頸。凡乙之屬皆从乙。,,乙⼄,於筆切 殷筆反,610,163,ㄧ3,9693,十四下
515,丙,丙_515,bing3,位南方，萬物成，炳然。陰气初起，陽气將虧。从一入冂。一者，陽也。丙承乙，象人肩。凡丙之屬皆从丙。 ●徐鍇曰：“陽功成，入於冂。冂，門也，天地陰陽之門也。,,丙,兵永切 鄙永反,611,164,ㄅㄧㄥ3,9697,十四下
516,丁,丁_516,ding1,夏時萬物皆丁實。象形。丁承丙，象人心。凡丁之屬皆从丁。,,丁𠆤,當經切 的冥反,613,164,ㄉㄧㄥ1,9698,十四下
517,戊,戊_517,wu4,中宮也。象六甲五龍相拘絞也。戊承丁，象人脅。凡戊之屬皆从戊。,,戊,莫候切 莫遘反,614,164,ㄨ4,9699,十四下
518,己,己_518,ji3,中宮也。象萬物辟藏詘形也。己承戊，象人腹。凡己之屬皆从己。 ▲古文己。,,己⼰𢀒,居擬切 訖耳反,616,164,ㄐㄧ3,9701,十四下
519,巴,巴_519,ba1,蟲也。或曰食象蛇。象形。凡巴之屬皆从巴。 ●徐鍇曰：“一，所吞也。指事。”,,巴,伯加切 不奢反,617,165,ㄅㄚ1,9704,十四下
520,庚,庚_520,geng1,位西方，象秋時萬物庚庚有實也。庚承己，象人𪗇。凡庚之屬皆从庚。,,庚,古行切 根橫反,619,165,ㄍㄥ1,9706,十四下
521,辛,辛_521,xin1,秋時萬物成而孰；金剛，味辛，辛痛卽泣出。从一从䇂。䇂，辠也。辛承庚，象人股。凡辛之屬皆从辛。,,辛𨐋⾟,息鄰切 息因反,620,165,ㄒㄧㄣ1,9707,十四下
522,辡,辡_522,bian3 bian4,辠人相與訟也。从二辛。凡辡之屬皆从辡。,,辡,方免切 皮緬反,623,166,ㄅㄧㄢ3 ㄅㄧㄢ4,9713,十四下
523,壬,壬_523,ren2,位北方也。陰極陽生，故《易》曰：“龍戰于野。”戰者，接也。象人褢妊之形。承亥壬以子，生之敘也。與巫同意。壬承辛，象人脛。脛，任體也。凡壬之屬皆从壬。,,壬,如林切 爾音反,623,166,ㄖㄣ2,9715,十四下
524,癸,癸_524,gui3,冬時，水土平，可揆度也。象水從四方流入地中之形。癸承壬，象人足。凡癸之屬皆从𤼩。 ▲籒文从癶从矢。,,癸𤼩,居誄切 見水反,626,166,ㄍㄨㄟ3,9716,十四下
525,子,子_525,zi3,十一月，陽气動，萬物滋，人以爲偁。象形。凡子之屬皆从子。 ●李陽冰曰：“子在襁緥中，足併也。” ▲古文子从巛，象髮也。 ▲籒文子囟有髮，臂脛在几上也。,,子⼦㜽𢀇,卽里切 津矣反,630,166,ㄗ3,9717,十四下
526,了,了_526,liao3,尦也。从子無臂。象形。凡了之屬皆从了。,,了,盧鳥切 呂曉反,632,167,ㄌㄧㄠ3,9732,十四下
527,孨,孨_527,zhuan3,謹也。从三子。凡孨之屬皆从孨。讀若翦。,,孨,旨兖切 職件反,633,167,ㄓㄨㄢ3,9735,十四下
528,𠫓,𠫓_528,tu1,不順忽出也。从到子。《易》曰：“突如其來如。”不孝子突出，不容於內也。凡𠫓之屬皆从𠫓。 ▲或从到古文子，卽《易》突字。,,𠫓𡿮㐬,他骨切 他骨反,634,167,ㄊㄨ1,9738,十四下
529,丑,丑_529,chou3,紐也。十二月，萬物動，用事。象手之形。時加丑，亦舉手時也。凡丑之屬皆从丑。,,丑,敕九切 敕紐反,635,168,ㄔㄡ3,9741,十四下
530,寅,寅_530,yin2,髕也。正月，陽气動，去黃泉，欲上出，陰尙彊，象宀不達，髕寅於下也。凡寅之屬皆从寅。 ▲古文寅。 ●徐鍇曰：“髕斥之意，人陽气銳而出，上閡於宀⺽，所以擯之也。”,,𡩟寅𡓵Z,弋眞切 翼眞反,637,168,ㄧㄣ2,9744,十四下
531,戼卯,戼卯_531,mao3,冒也。二月，萬物冒地而出。象開門之形。故二月爲天門。凡戼之屬皆从戼。 ▲古文戼。,,戼卯𩇨𨳈邜,莫飽切 免狡反,638,168,ㄇㄠ3,9745,十四下
532,辰,辰_532,chen2,震也。三月，陽气動，靁電振，民農時也。物皆生，从乙、𠤎，象芒達；厂，聲也。辰，房星，天時也。从𠄞，𠄞，古文上字。凡辰之屬皆从辰。 ▲古文辰。 ●臣鉉等曰：三月陽气成，艸木生，上徹於土，故从𠤎。厂，非聲。疑亦象物之出。 ●徐鍇曰：“𠤎音化。乙，艸木萌初出曲卷也。”,,辰⾠辰𨑃𠨷,植鄰切 石倫反,640,168,ㄔㄣ2,9746,十四下
533,巳,巳_533,si4 yi3,巳也。四月，陽气巳出，陰气巳藏，萬物見，成文章，故巳爲蛇，象形。凡巳之屬皆从巳。,,巳⺒已,詳里切 詳紀反 羊己切 養里切,643,169,ㄙ4 ㄧ3,9748,十四下
534,午,午_534,wu3,啎也。五月，陰气午逆陽。冒地而出。此與矢同意。凡午之屬皆从午。,,午,疑古切 偶古反,645,169,ㄨ3,9750,十四下
535,未,未_535,wei4,味也。六月，滋味也。五行，木老於未。象木重枝葉也。凡未之屬皆从未。,,未䷿Y,無沸切 勿貴反,647,169,ㄨㄟ4,9752,十四下
536,申,申_536,shen1,神也。七月，陰气成，體自申束。从⺽，自持也。吏臣餔時聽事，申旦政也。凡申之屬皆从𦥔。 ▲古文申。 ▲籒文申。,,𦥔申𤱓𢑚Z_伸臾㬰曳奄淹腌⺽𦥑寅電糸豆日,失人切 式人反,649,170,ㄕㄣ1,9753,十四下
537,酉,酉_537,you3,就也。八月黍成，可爲酎酒。象古文酉之形。凡酉之屬皆从酉。 ▲古文酉，从戼。戼爲春門，萬物已出。丣爲秋門，萬物已入。一，閉門象也。,,酉⾣丣,與久切 夷酒反,651,170,ㄧㄡ3,9757,十四下
538,酋,酋_538,qiu2,繹酒也。从酉，水半見於上。《禮》有大酋，掌酒官也。凡酋之屬皆从酋。,,酋,字秋切 字由反,653,171,ㄑㄧㄡ2,9830,十四下
539,戌,戌_539,xu1,滅也。九月，陽气微，萬物畢成，陽下入地也。五行，土生於戊，盛於戌。从戊含一。凡戌之屬皆从戌。,,戌,辛聿切 相聿反,655,171,ㄒㄩ1,9832,十四下
540,亥,亥_540,hai2 hai4,荄也。十月，微陽起，接盛陰。从𠄞，𠄞，古文上字。一人男，一人女也。从乙，象褢子咳咳之形。《春秋傳》曰：“亥有二首六身。”凡亥之屬皆从亥。亥而生子，復從一起。 ▲古文亥。亥爲豕，與豕同。,,亥𠦇𢁓,胡改切 候乃反,656,172,ㄏㄞ2 ㄏㄞ4,9833,十四下
