zi,is_zi,id_kangxi,meaning,pinyin,n_strokes,term,examples,variant,n_frequency,category,sub_category,notes,u_id,is_active,is_radical,phono,ts,is_neted
,,,backbone,lǚ,6,,宫 侣  铝 营,,4,,,,431,Y,,lu,,
,,,another / different / separately / additionally,lìng,5,,别 拐,,2,概念-,,,432,Y,,ling,,
,,,card / jam,kǎ,5,,,,0,概念-,,,434,Y,,ka,,
,,,east,dong,8,,,东,1,,,,435,Y,,dong,,
⺀,0,-1,,bì,2,,,,0,radical,,,418,Y,Y,bi,2025-02-17 23:46:58,
⺁,0,-1,meat / flesh,ròu,2,,,肉,0,radical,,,419,Y,Y,rou,2025-02-17 23:48:59,
⺈,0,18,blade / knife,dāo / biāo,2,刀字旁,,刀,0,radical,,,,Y,Y,dao,,
⺌,0,-1,small,xiǎo,3,当字头,少、尖、當、栄,,1,概念-,,,51,Y,Y,xiao,2025-02-18 21:25:41,
⺍,0,-1,small,xiǎo,3,当字头,少、尖、當、栄,,0,概念-,,,52,Y,Y,xiao,2025-02-18 21:25:49,
⺧,0,-1,cow,niú,4,牛字旁,牝、牟、牠,牜牛,2,动物-,mammal,,118,Y,Y,niu,2025-02-19 10:00:14,
⺩,0,96,jade,yù,4,,,,0,radical,,,425,Y,Y,yu,2025-02-19 10:07:40,
⺮,0,118,bamboo,zhú,6,竹字头,竺、竽、竿,竹,108,植物-,,,147,Y,Y,zhu,2025-02-19 11:55:39,
⺶,0,123,sheep,yáng,6,,羋、羌、美,羊,0,动物-,,,157,Y,Y,yang,2025-02-19 11:56:07,
⺷,0,-1,sheep,yáng,6,,羋、羌、美,羊,1,动物-,mammal,,158,Y,Y,yang,2025-02-19 11:56:15,
⻏,0,-1,city,fù,3,右耳朵,邕、邗、邘,阝,1,地理-,,"indicates a place or location (like in 邓/dèng, 邻/lín, 都/dū).",213,Y,Y,fu,2025-02-18 22:12:10,
㐬,0,-1,flow,liú,7,,琉 硫 梳 疏,,4,,,,406,Y,Y,liu,2025-02-20 19:47:43,
㔾,0,26,seal (device) / seal,jié,2,单耳刀,即、卬、卷、夗,,6,社会-,,,34,Y,Y,jie,2025-02-17 23:47:29,
一,1,1,one,yī,1,一字旁,王、丁、七、三,丶 丨 亅 丿 乀 ⺄ 乁 乙 乚 乛,73,数理-计算,number,,1,Y,,yi,2025-02-17 23:32:14,
丁,1,-1, able-bodied men / fourth of the ten Heavenly Stems (天干),dīng,2,,,,15,数理-天干,,,260,Y,,ding,2025-02-17 23:51:47,
七,1,-1,seven,qī,2,,,,4,数理-计算,number,,313,Y,,qi,2025-02-17 23:52:27,
万,1,-1,ten thousand,wàn,3,,,,2,数理-计算,number,,317,Y,,wan,2025-02-18 22:14:54,
丈,1,-1,meter / measure / husband,zhàng,3,,,,2,数理-度量,,,360,Y,,zhang,2025-02-18 22:15:49,
三,1,-1,three / many,sān,3,,,,7,数理-计算,number,,264,Y,,san,2025-02-18 22:16:19,
上,1,-1,upper / on top / above / over / attend / up,shàng,3,,,,3,数理-时空,location,,329,Y,,shang,2025-02-18 22:17:12,
下,1,-1,down/below/under/next/descend,xià,3,,,,3,数理-时空,location,,327,Y,,xia,2025-02-18 22:18:03,
不,1,-1,no / not / negative particle ,bù,4,,甭 杯 还 怀 坏,,11,概念-,,,343,Y,,bu,2025-02-19 16:29:45,
与,1,-1,and / with / give,yǔ,3,,,,2,概念-,,,407,Y,,yu,2025-02-18 22:19:12,
丑,1,-1,ugly,chǒu,4,,,,7,概念-,,,339,Y,,chou,2025-02-19 10:11:16,
专,1,-1,special / specialized / focused / dedicated,zhuān,4,,传 砖 转,,3,,,,408,Y,,zhuan,2025-02-20 19:54:42,
且,1,-1,and / moreover / both / yet / for now,qiě,5,,姐 疽 沮,,24,概念-,,,272,Y,,qie,2025-02-19 16:23:03,
丘,1,-1,hill / mound,qiū ,5,,兵 乓 乒 蚯 邱 岳,,5,地理-土,,,359,Y,,qiu,2025-02-19 20:22:01,
丙,1,-1,third,丙,5,,柄  病 陋,,6,数理-天干,,,396,Y,,bing,2025-02-19 20:53:32,
业,1,-1,business / industry / occupation / work / career / undertaking / enterprise / achievement / accomplishment,yè,5,,壶 显 虚 凿,,5,社会-,education,,301,Y,,ye,2025-02-19 20:23:27,
东,1,-1,east,dōng,5,,陈 冻 栋,,6,数理-时空,location,,324,Y,,dong,2025-02-19 20:18:16,
丨,0,2,line,gùn / gǔn,1,,十、中、串、丰,,25,radical,,,2,Y,Y,gun,2025-02-17 23:17:40,
个,1,-1,piece / item,gè,3,,,,0,数理-度量,,,,Y,,ge,,
丬,0,90,split wood / piece of wood,qiáng,3,将字旁,牀、牁、牂,,10,radical,,,390,Y,Y,qiang,2025-02-18 22:09:17,
中,1,-1,middle / within / among / medium / central / intermediate,zhōng,4,,忠 钟 肿  种,,12,数理-时空,location,,321,Y,,zhong,2025-02-19 16:28:01,
丰,1,-1,rich / abundant / flourishing / full / prosperous,fēng,4,,邦 麦 寿,,14,植物-,,,281,Y,,feng,2025-02-19 16:24:46,
丶,0,3,dot,zhǔ,1,丶字旁,丸、凡、丹、户,,26,radical,,,3,Y,Y,zhu,2025-02-17 23:16:59,
丷,0,12,eight,bā,2,,公、六、兮、穴,,26,radical,,,17,Y,Y,ba,2025-02-17 23:34:25,
丸,1,-1,pill / pellet / round,wán,3,,,,5,概念-,,,271,Y,,wan,2025-02-18 22:23:27,
为,1,-1,To be / to serve as / For / To do / to act,wéi,4,,伪,,1,概念-,,,357,Y,,wei,2025-02-20 22:06:39,
丿,0,4,slash,piě,1,,乂、乃、久、八,,40,radical,,,4,Y,Y,pie,2025-02-17 23:19:11,
乀,0,4,slash,piě,1,,乂、乃、久、八,,3,radical,,,5,Y,Y,pie,2025-02-17 23:22:49,
乁,0,4,slash,piě,1,,,,1,radical,,,6,Y,Y,pie,2025-02-17 23:30:22,
乂,0,-1,,yì,2,,,,23,radical,,,265,Y,Y,yi,2025-02-17 23:36:25,
乃,1,-1,to be / you / then / therefore / only then,nǎi,2,,,,8,概念-,,,259,Y,,nai,2025-02-17 23:53:48,
久,1,-1,long / lasting,jiǔ,3,,,,6,概念-,,,351,Y,,jiu,2025-02-18 22:25:26,
么,1,-1,what / small,me,3,,幻、麼、幽、幾,,0,概念-,,,,Y,,me,,
义,1,-1,"Righteousness or justice / Meaning or significance / Friendship, loyalty, or brotherhood / Duty or obligation",yì,3,,,,3,概念-,,,409,Y,,yi,2025-02-18 22:24:42,
之,1,-1,possessive particle / possession / go to / reach,zhī,3,,,,4,概念-,,,397,Y,,zhi,2025-02-18 22:30:26,
乌,1,-1,Crow / black / turtle,wū,4,,呜,,2,数理-颜色,,,363,Y,,wu,2025-02-19 16:16:58,
乍,0,-1,work,zhà,5,,炸作窄怎昨,,13,概念-,,,384,Y,Y,zha,2025-02-19 17:40:51,
乎,1,-1,about,hú,5,,呼,,1,概念-,,,410,Y,,hu,2025-02-20 22:32:00,
乐,1,-1,happy / music,lè / yuè,5,,砾 烁,,2,社会-,music,,289,Y,,le,2025-02-20 21:43:48,
乙,1,5,second,yǐ,1,,九、乞、也,,11,数理-天干,,,7,Y,,yi,2025-02-17 23:32:21,
乚,0,5,second,yǐ,1,,九、乞、也,,9,radical,,,8,Y,Y,yi,2025-02-17 23:30:47,
乛,0,5,second,yǐ,1,,九、乞、也,,3,radical,,,266,Y,Y,yi,2025-02-17 23:31:16,
九,1,-1,nine,jiǔ,2,,,,16,数理-计算,number,"sounds similar to 久 (jiǔ), which means ""long-lasting"" or ""eternal.""",310,Y,,jiu,2025-02-17 23:55:21,
乞,1,-1,beg,qǐ,3,,,,8,社会-,,,302,Y,,qi,2025-02-18 22:31:04,
也,1,-1,also / too,yě,3,,,,13,概念-,,,381,Y,,ye,2025-02-18 22:32:33,
习,1,-1,To practice or to learn / To be accustomed to / habit / To review or study repeatedly,xí,3,,,,2,社会-,education,,288,Y,,xi,2025-02-18 22:33:45,
乡,1,-1,village / hometown,xiāng,3,,,,0,社会-,,,,Y,,xiang,,
亅,0,6,hook,gōu / jué,1,,了、矛、事,,1,radical,,,9,Y,Y,gou,2025-02-17 23:31:59,
了,1,-1,Indicate completed action / Signal change of state or new situation,le / liǎo,2,,,,5,概念-,,,263,Y,,liao,2025-02-18 21:02:37,
二,1,7,two,ér / èr,2,,貳、于、云、些,亠 冫 丷 刂 龴,20,数理-计算,number,,10,Y,,er,2025-02-18 21:02:48,
亍,0,-1,to walk slowly / to walk with short steps,chù,3,,,,1,,,,423,Y,Y,chu,2025-02-18 21:14:26,
于,1,-1,at / to / from,yú,3,,,,10,概念-,,,377,Y,,yu,2025-02-18 22:34:26,
亏,1,-1,loss / To owe someone a favor,kuī,3,,,,7,概念-,,,346,Y,,kui,2025-02-18 22:35:04,
云,1,-1,cloud / say / speak,yún,4,,层  动  运,,12,天文-,,,274,Y,,yun,2025-02-19 16:15:26,
五,1,-1,five,wǔ,4,,吾 伍,,2,数理-计算,number,,316,Y,,wu,2025-02-20 22:15:07,
井,1,-1,well / orderly / neat,jǐng,4,,耕  讲 进 阱,,7,天文-水,,,278,Y,,jing,2025-02-19 20:15:32,
亠,0,8,lid,tóu,2,六字头,方、亡、亢、交,,27,radical,,,11,Y,Y,tou,2025-02-17 23:38:42,
亡,1,-1,to die / to perish / to be gone / lost,wáng,3,,,,18,概念-,,,337,Y,,wang,2025-02-18 22:36:09,
亢,1,-1,high / excessive / proud,kàng,4,,肮  抗  航,,11,概念-,,,372,Y,,kang ,2025-02-19 16:12:12,
交,1,-1,deliver / intersect / cross/ exchange / communicate / socialize,jiāo,6,, 校 姣 郊 狡,,19,概念-,,,331,Y,,jiao,2025-02-19 16:55:53,
人,1,9,man / person,rén,2,单立人 单人旁,你、什、仁、仇,亻,46,人-,human,,12,Y,,ren,2025-02-18 21:03:00,
亻,0,9,man / person,rén,2,单立人 单人旁,你、什、仁、仇,人,213,人-,human,,13,Y,Y,ren,2025-02-17 23:39:26,
今,1,-1,now / present,jīn,4,,念  贪 吟 含,,16,数理-时空,time,,319,Y,,jin,2025-02-19 16:13:56,
介,1,-1,To introduce / present / To be between / in the middle / To mediate / To involve,jiè,4,,界价阶养,,8,概念-,,,374,Y,,jie,2025-02-19 19:57:44,
仓,1,-1,storehouse / warehouse,cāng,4,,抢舱苍创疮枪,,8,社会-,food,,284,Y,,cang,2025-02-19 20:01:49,
令,1,-1,order / cause / title of respect,lìng,5,,冷 邻 囹 玲,,21,社会-,order,,290,Y,,ling,2025-02-19 16:33:13,
以,1,-1,by means of / using / towards /with / in order to / ,yǐ,4,,拟 似,,3,,,,411,Y,,yi,2025-02-20 21:29:29,
佥,0,-1,examine / select ,qiān,7,,俭 捡 检 剑,,10,,,,391,Y,Y,qian,2025-02-19 17:01:02,
儿,1,10,son ,rén / ér,2,,兒、兀、允、元,,12,人-伦理,family,,14,Y,,er,2025-02-18 21:03:25,
兀,0,-1,High and steep (like a mountain) / Bald or bare / Unstable or unsteady,wù,3,,元 无,,5,概念-,,,,Y,Y,wu,,
元,1,-1,origin / first / currency unit,Yuán ,4,,玩 完 园,,13,数理-计算,number,,311,Y,,yuan,2025-02-19 16:26:18,
兄,1,-1,older brother / elder male friend,xiōng,5,,兑 竞 克 况  祝,,5,人-伦理,family,,283,Y,,xiong,2025-02-19 20:54:51,
先,,,advance,xian,6,,,,,数理-时空,,,426,Y,,xian,2025-02-19 12:14:14,
入,1,11,enter,rù,2,入字旁,內、全、兩、汆,,1,概念-,,,15,Y,,ru,2025-02-18 21:05:17,
八,1,12,eight,bā,2,,公、六、兮、穴,丷,28,数理-计算,number,,16,Y,,ba,2025-02-18 21:05:39,
公,1,-1,public / common / fair / just / male / duke / lord / unit of measurement,gōng,4,,松讼颂翁瓮蚣,,8,社会-,,,298,Y,,gong,2025-02-19 20:03:53,
六,1,-1,six,liù,4,,冥,,2,数理-计算,number,,315,Y,,liu,2025-02-20 22:10:04,
兰,1,-1,orchid ,lán,5,,烂 拦 栏,,3,植物-,flower,,412,Y,,lan,2025-02-20 21:36:19,
共,1,-1,together / common / shared / all / both,gòng,6,,供 粪哄黄殿拱恭,,15,社会-,,,297,Y,,gong,2025-02-19 17:18:07,
其,1,-1,as a conjunction or particle,qí,8,,基期欺棋 斯,,17,概念-,,,371,Y,,qi,2025-02-19 17:11:09,
冂,0,13,wide / down box,jiǒng / jiōng,2,同字匡,冇、冊、冉、肉,,17,radical,,,18,Y,Y,jiong,2025-02-17 23:39:56,
内,1,-1,inside / inner / internal / within / among / interior / domestic,nèi,4,,纳丙钠芮,,10,数理-时空,location,,322,Y,,nei,2025-02-19 17:28:47,
冈,1,-1,ridge,gāng,4,,岗 刚  纲 钢,,3,地理-土,,,277,Y,,gang,2025-02-20 21:30:37,
冖,0,14,cover / cloth cover,mì,2,秃宝盖,冗、冠、冥、運,,35,radical,,,19,Y,Y,mi,2025-02-17 23:40:07,
冫,0,15,ice / icy water,bīng,2,两点水,冬、冰、冶、凉,,29,天文-水,,,20,Y,Y,bing,2025-02-17 23:40:16,
冬,1,-1,winter,dōng,5,,疼 图 终,,4,数理-时空,time,,325,Y,,dong,2025-02-19 20:52:10,
几,1,16,table,jī / jǐ,2,几字旁,風、殳、凡、凱,,24,社会-,,,21,Y,,ji,2025-02-18 21:05:48,
凵,0,17,receptacle / open box,qū / qǔ / kǎn,2,凶字框,凶、凸、凹、齒,,7,radical,,,22,Y,Y,qu,2025-02-17 23:40:40,
凶,1,-1,Fierce / ferocious / Inauspicious / unlucky / Terrible / violent / Cruel / vicious,xiōng,4,,匈  汹 酗,,3,概念-,,,354,Y,,xiong,2025-02-20 21:31:55,
出,1,-1,to go out / to come out / to exit / to produce,chū,5,,础黜咄屈拙,,8,概念-,,,333,Y,,chu,2025-02-19 20:07:44,
击,1,-1,to hit / to strike / to attack,jī,5,,陆,,1,社会-,military,,308,Y,,ji,2025-02-20 22:33:24,
刀,1,18,knife,dāo,2,刀字旁 立刀旁,刁、解、分、劍,刂 ⺈,32,社会-,tool,,25,Y,,dao,2025-02-18 21:05:56,
刁,1,-1,"Tricky, crafty, or cunning / Troublesome or difficult to deal with /  Malicious or wicked",diāo,2,,,,1,社会-,tool,,24,Y,,diao,2025-02-18 21:07:00,
刂,0,18,blade / knife,dāo / biāo,2,立刀旁,刁、解、分、劍,dao,45,社会-,tool,,23,Y,Y,dao,2025-02-17 23:45:05,
刃,1,-1,Blade or edge of a knife / sword / Cutting edge of a tool / Sharp point,rèn,3,,,,8,社会-,tool,,292,Y,,ren,2025-02-18 22:37:07,
分,1,-1,divide / minute/ part / distribute / unit-of-measure,fēn,4,,粉 颁  扮,,24,概念-,,,330,Y,,fen,2025-02-19 16:21:13,
刍,0,-1,straw / fodder / hay / grass / animal feed,chú,5,,雏 急 趋 煞 皱,,6,概念-,,,401,Y,Y,chu,2025-02-19 20:32:41,
力,1,19,strength / power,lì / li,2,,加、功、劣、男,,53,概念-,,,26,Y,,li,2025-02-18 21:07:12,
办,1,-1,To handle / deal with something / To manage / organize / To do / process / To solve / settle,bàn,4,,苏  协 胁,,2,概念-,,,414,Y,,ban,2025-02-20 22:17:29,
勹,0,20,wrap,bāo,2,包字头,包、勺、勻、勾,,14,radical,,,27,Y,Y,bao,2025-02-17 23:45:33,
勺,1,-1,spoon,sháo,3,,,,14,社会-,tool,,291,Y,,shao,2025-02-18 22:37:52,
勾,1,-1,To hook or to draw a curved line / To entice or lure / To collude with someone / A hook shape or check mark,gōu,4,,沟 钩 构 购,,4,社会-,tool,,293,Y,,gou,2025-02-19 20:56:25,
勿,1,-1,negative imperative / do not / prohibit ,wù,4,,忽刎吻物易,,10,概念-,,,347,Y,,wu,2025-02-19 17:36:31,
匀,1,-1,Even / uniform / well-distributed / To distribute / allocate evenly / To share / divide up equally,yún,4,,均 钧  韵,,3,概念-,org,,309,Y,,yun,2025-02-20 21:33:29,
包,1,-1,wrap / package / bag / include / contain / bun,bāo,5,,炮饱刨抱泡,,15,社会-,tool,,296,Y,,bao,2025-02-19 17:14:30,
匕,1,21,dagger / spoon,bǐ,2,,化、北、匙、比,,20,社会-,military,,28,Y,,bi,2025-02-18 21:07:22,
北,1,-1,north,Bei3 ,5,,脊 背乘 乖 冀 燕,,7,数理-时空,location,,323,Y,,bei,2025-02-19 20:17:10,
匚,0,22,right open box,fāng,2,医字框,匿、區、巨、匠,,14,社会-,tool,,29,Y,Y,fang,2025-02-17 23:45:45,
匸,0,23,hiding enclosure,xǐ / xǐ/xì,2,,亡、匹、匼、匽,,5,radical,,,30,Y,Y,xi,2025-02-17 23:45:54,
匹,1,-1,measure word / match,pǐ,4,,,,0,数理-度量,,,362,Y,,pi,2025-02-20 22:24:11,
区,1,-1,area / region / district / zone,qū,4,,欧殴枢呕躯驱,,9,社会-,org,,299,Y,,qu,2025-02-19 19:37:40,
十,1,24,ten,shí,2,,千、半、卅、升,,56,数理-计算,number,,31,Y,,shi,2025-02-18 21:07:29,
千,1,-1,thousand,qiān,3,,,,10,数理-计算,number,,312,Y,,qian,2025-02-18 22:38:17,
升,1,-1,"To rise, ascend, or go up / To be promoted or advance",shēng,4,,昇,,1,概念-,,,355,Y,,sheng,2025-02-20 22:30:38,
午,1,-1,noon / midday,wǔ,4,,杵 许,,4,数理-时空,time,,326,Y,,wu,2025-02-19 20:57:47,
半,1,-1,half / semi,bàn,5,,伴拌判叛胖,,11,概念-,,,344,Y,,ban,2025-02-19 17:38:02,
南,,,south,Nán,9,,,,,数理-时空,,,427,Y,,nan,2025-02-19 12:14:21,
卜,1,25,divination,bǔ,2,,下、上、卡、占,,17,概念-,,,32,Y,,bu,2025-02-18 21:07:54,
占,1,-1,occupy / possess ,zhàn,5,,点 店 帖 贴,,21,社会-,,,364,Y,,zhan,2025-02-19 16:35:56,
卡,1,-1,card / jam,kǎ,5,,,,0,概念-,,,,Y,,ka,,
卤,1,197,salt,lǔ,7,,,鹵,0,radical,,,241,Y,,lu,2025-02-19 12:06:55,
卩,0,26,seal (device),jié,2,单耳刀,即、卬、卷、夗,㔾,8,社会-,,,33,Y,Y,jie,2025-02-17 23:47:15,
厂,1,27,cliff / factory / plant,chǎng,2,,厄、原、厚、厰,,32,社会-,factory,,35,Y,,chang,2025-02-18 21:10:15,
厶,0,28,private,sī,2,私字旁,台、公、去、參、,,25,概念-,,,36,Y,Y,si,2025-02-17 23:49:17,
去,1,-1,to go / to leave,qù,5,,丢罢 法怯却,,11,概念-,,,383,Y,,qu,2025-02-19 17:19:24,
又,1,29,hand / again,yòu,2,,叉、及、友、取,攴 攵扌手,73,人-生理,hand,,37,Y,,you,2025-02-18 21:12:32,
叉,1,-1,Fork or pitchfork / To fork or branch / To cross or intersect / To diverge,chā,3,,,,3,社会-,tool,,294,Y,,cha,2025-02-18 22:39:23,
及,1,-1,and / to reach / to come up to / as soon as,jí,3,,,,11,概念-,,,382,Y,,ji,2025-02-18 22:40:28,
友,1,-1,friend / friendly,yǒu,4,,爱  爰,,2,社会-,org,,306,Y,,you,2025-02-20 22:16:15,
口,1,30,mouth / opening,kǒu,3,,哎、古、只、品,,300,人-生理,mouth,,38,Y,,kou,2025-02-18 22:40:38,
古,1,-1,ancient / old ,gǔ,5,,估 姑  故 胡,,19,数理-时空,time,,318,Y,,gu,2025-02-19 16:52:45,
句,1,-1,sentence / phrase,jù,5,,狗 够 佝,,19,社会-,,,366,Y,,ju,2025-02-19 16:54:21,
另,1,-1,another / different / separately / additionally,lìng,5,,别 拐,,2,概念-,,,,Y,,ling,,
只,1,-1,measure word / only / merely / one of a pair,zhǐ,5,,积识织职帜,,10,数理-度量,,,358,Y,,zhi,2025-02-19 17:31:38,
可,1,-1,can / approve / agreeable / ,kě,5,,哥 何 河 奇,,17,概念-,,,375,Y,,ke,2025-02-19 17:06:19,
台,1,-1,platform / stage / counter / unit / desk / table,tái,5,,始 胎 抬 殆 治,,17,社会-,tool,,295,Y,,tai,2025-02-19 17:08:02,
各,1,-1,each / every / various,gè,6,,路  胳 格 阁,,20,概念-,,,365,Y,,ge,2025-02-19 16:51:10,
合,1,-1,join / combine / unite / match / close / be in agreement / harmony / suitable ,hé,6,,鸽 答 给 盒,,18,概念-,,,367,Y,,he,2025-02-19 17:04:40,
吉,1,-1,lucky / auspicious / fortunate,jí,6,,洁结姞桔,,14,概念-,,,335,Y,,ji,2025-02-19 17:46:05,
向,1,-1,To face / turn toward / Towards / To approach / move in a direction,xiàng,6,,晌 响 珦,,3,数理-时空,location,,328,Y,,xiang,2025-02-20 22:08:00,
吕,1,-1,,lǚ,6,,宫 侣 吕 铝 营,,4,概念-,,,,Y,,lu,,
员,1,-1,member,yuán,7,,损 勋 圆 陨,,4,社会-,org,,303,Y,,yuan,2025-02-20 19:51:53,
呙,0,-1,cooking pot,guō,7,,锅 祸 涡 窝 蜗,,5,概念-,,,402,Y,Y,guo,2025-02-20 19:37:11,
咸,1,-1,Salty /  All /complete / thorough / everything,xián,9,,感 喊 减 碱 箴,,8,概念-,,,378,Y,,xian,2025-02-19 20:34:30,
囗,1,31,enclosure / opening,wéi,3,国字框,"囚、四、國、圍 回 (huí), 国 (guó), and 园 (yuán)",,22,数理-时空,location,,39,Y,,wei,2025-02-18 22:41:33,
四,1,-1,four,sì,5,,柶 泗 呬,,3,数理-计算,number,,314,Y,,si,2025-02-20 21:37:22,
囟,0,-1,fontanel,xìn,6,,蓖 傻,,2,概念-,,,398,Y,Y,xin,2025-02-20 21:56:24,
土,1,32,earth,tǔ,3,提土旁,地、圣、圭、堯,,143,天文-土,,,40,Y,,tu,2025-02-18 22:41:56,
在,,,at / exist,zài,6,,,,,数理-时空,,,428,Y,,zai,2025-02-19 12:15:13,
坙,0,-1,stem,bàng,7,,劲 经茎颈轻氢,,8,植物-,,,280,Y,Y,bang,2025-02-19 19:59:17,
士,1,33,soldier / scholar,shì,3,,壬、喜、時、壽,,22,社会-,soldier,,41,Y,,shi,2025-02-18 22:42:05,
夂,0,34,go / walking / movement,suì,3,,各、冬、夆、愛,,15,radical,,,42,Y,Y,sui,2025-02-18 21:22:36,
夆,0,-1,swarm,fēng,7,,峰 蜂 锋 逢,,4,概念-,,,399,Y,,feng,2025-02-20 19:50:38,
夊,0,35,go slowly,suī,3,,夌、复、夏,,1,radical,,,43,Y,Y,sui,2025-02-18 21:23:07,
夕,1,36,evening,xī,3,,外、夗、多、岁,,17,天文-,,,44,Y,,xi,2025-02-18 22:42:17,
大,1,37,big,dà,3,,太、天、夭、夯,,44,概念-,,,45,Y,,da,2025-02-18 22:42:25,
天,1,-1,sky / heaven,tiān,4,,关癸吞吴,,9,天文-,,,275,Y,,tian,2025-02-19 19:39:47,
太,1,-1,too / extremely / very / most / supreme / ultimate / peaceful / grand,tài,4,,态 汰,,2,概念-,,,356,Y,,tai,2025-02-20 21:40:05,
夫,1,-1,husband / effort,fū,4,,肤 规  扶,,27,人-伦理,family,,282,Y,,fu,2025-02-19 16:19:09,
央,1,-1,center / middle,yāng,5,,秧英映盎,,11,数理-时空,location,,320,Y,,yang,2025-02-19 17:20:45,
失,1,-1,fail / disappoint / lose ,shī,5,,跌迭铁佚秩,,14,概念-,,,336,Y,,shi,2025-02-19 17:48:14,
头,1,-1,head / top ,tóu,5,,买 实,,2,人-生理,head,,285,Y,,tou,2025-02-20 21:50:25,
奂,0,-1,Bright / brilliant / lustrous / Beautiful / magnificent / To spread out / expand,huàn,7,,唤 换 涣 焕 痪,,5,概念-,,,403,Y,Y,huan,2025-02-20 19:41:33,
奉,1,-1,serve / obey  / To treat with reverence,fèng,8,,棒  捧,,5,概念-,,,404,Y,,feng,2025-02-20 19:20:27,
女,1,38,woman / female,nǚ,3,,妳、婆、奶、如,,137,人-,human,,46,Y,,nu,2025-02-18 22:42:42,
子,1,39,son / child,zǐ,3,子字旁,孩、學、孔、仔,,28,人-伦理,family,,47,Y,,zi,2025-02-18 22:42:49,
孚,0,-1,To convince / persuade / To fulfill / carry out / To incubate (as in eggs),孚,7,,孵  俘  浮 莩  乳,,9,概念-,,,388,Y,Y,fu,2025-02-19 20:29:37,
宀,0,40,roof,mián,3,宝盖头,家、安、寧、它,,63,人-住,housing,,48,Y,Y,mian,2025-02-18 21:25:31,
宁,1,-1,Peace / tranquility / calmness / rather / prefer,níng,5,,拧 柠 狞,,5,概念-,,,348,Y,,ning,2025-02-20 19:23:52,
它,1,-1,"it referring to animals, objects, or abstract concepts",tā,5,,舵 蛇  佗  驼 鸵,,8,动物-,,,386,Y,,ta,2025-02-19 20:13:53,
寸,1,41,inch,cùn,3,,村、寺、封、射,,31,数理-度量,,,49,Y,,cun,2025-02-18 22:42:59,
寺,1,-1,template,sì,6,,待诗待,,11,社会-,,,,Y,,si,,
小,1,42,small,xiǎo,3,当字头,少、尖、當、栄,⺌ ⺍,22,概念-,,,50,Y,,xiao,2025-02-18 22:43:11,
少,1,-1,few / little / scare / lack / young / less than ,shǎo,4,,步抄钞吵炒秒妙雀沙,,14,概念-,,,340,Y,,shao,2025-02-19 17:50:12,
尚,1,-1,still / yet / esteem / be fond of / moreover / even,shàng,8,,党 淌 躺 常,,15,概念-,,,376,Y,,shang ,2025-02-19 17:02:41,
尢,0,43,lame / especially / particularly,yóu,3,,尤、尷、尬、尩,,1,概念-,,,53,Y,Y,you,2025-02-18 21:26:47,
尤,1,-1,especially / particularly / outstanding / exceptional,yóu,4,,就扰优 忧犹,,9,概念-,,,389,Y,,you,2025-02-19 19:41:56,
尧,0,-1,,yáo,6,,浇 侥 挠 跷 翘 饶 绕 烧,,9,概念-,,,392,Y,Y,yao,2025-02-19 20:26:43,
尸,1,44,corpse,shī,3,,屍、尺、尼、尻,,27,人-生理,body,,54,Y,,shi,2025-02-18 22:43:19,
尺,1,-1,foot / ruler / measuring tool,chǐ,4,,迟 尽 咫 昼,,2,数理-度量,,,361,Y,,chi,2025-02-20 21:42:48,
尼,1,-1,nun,ní,5,,呢 怩 泥  昵,,7,,,,400,Y,,ni,2025-02-19 21:02:21,
屮,0,45,sprout,chè,3,,艸、屯、屰、頓,艸/草,2,radical,,pictograph representing a plant sprout breaking through the soil,55,Y,Y,che,2025-02-18 21:27:51,
屯,1,-1,store up / accumulate / village / hamlet,tún,4,,纯囤吨顿钝,,13,社会-,org,,379,Y,,tun,2025-02-19 17:42:34,
屰,0,-1,to go against / to oppose / resist,nì,6,,逆 朔 欮,,3,概念-,,,269,Y,Y,ni,2025-02-20 22:05:20,
山,1,46,mountain,shān,3,,嵗、密、峰、幽,,65,地理-土,,,56,Y,,shan,,
巛,0,47,river,chuān,3,,川、州、順、災,川,4,天文-水,,,58,Y,Y,chuan,2025-02-18 21:28:10,
川,1,47,river,chuān,3,,川、州、順、災,巛 巜,6,地理-土,,,57,Y,,chuan,2025-02-18 22:48:16,
工,1,48,work,gōng,3,,左、巧、功、式,,24,社会-,,,59,Y,,gong,2025-02-18 22:48:36,
巨,1,-1,huge / gigantic / enormous,jù,4,,柜矩拒炬距,,9,概念-,,,345,Y,,ju,2025-02-19 19:44:03,
己,1,49,oneself,jǐ,3,,記、改、忌、龍,,15,人-,self,,60,Y,,ji,2025-02-18 22:48:43,
已,1,-1,already,yǐ,3,,,,0,概念-,,,,Y,,yi,,
巴,1,-1,long for / wish ,bā,4,, 爸疤芭笆肥爬,,15,概念-,,,380,Y,,ba,2025-02-19 17:12:53,
巾,1,50,turban / cloth / towel,jīn,3,巾字儿,市、帥、刷、砸,,55,人-衣,cloth,,61,Y,,jin,2025-02-18 22:52:23,
市,1,-1,City / Market  / trade ,shì,5,,闹  柿,,2,社会-,org,,307,Y,,shi,2025-02-20 21:51:28,
布,1,-1,cloth / fabric / textile / to spread / distribute / arrange / to announce / declare,bù,5,,怖 希,,2,社会-,clothing,,286,Y,,bu,2025-02-20 21:52:39,
干,1,51,dry,gān,3,,旱、开、平、年,,23,社会-,,,62,Y,,gan,2025-02-18 22:52:44,
平,1,-1,flat / level / even / peaceful / calm / fair / impartial / ordinary / common,píng,5,,秤坪苹 评,,9,概念-,,,349,Y,,ping,2025-02-19 19:45:51,
并,1,-1,and / together with / to combine / to merge / not necessarily / not really,bìng,6,,迸 栟 饼  拼 瓶 ,,6,概念-,,,385,Y,,bing,2025-02-19 20:20:33,
幷,0,-1,To combine / to merge / And / together with / To arrange in parallel / side by side,bìng,8,,屏 絣  姘,并,3,概念-,,,405,Y,Y,bing,2025-02-20 22:12:01,
幺,1,52,small / short thread,yāo,3,,幻、麼、幽、幾,么,8,概念-,,,63,Y,,yao,2025-02-18 22:28:55,
广,1,53,broad / wide / shelter / dotted cliff,guǎng ,3,广字旁,庀、庂、庄,,42,概念-,,,64,Y,,guang,2025-02-18 22:55:17,
庄,1,-1,Farm / manor / estate / Solemn / serious / dignified / village,zhuāng,6,,赃 脏 桩,,3,社会-,org,,305,Y,,zhuang,2025-02-20 22:09:08,
廴,0,54,"long stride / meaning related to movement, going, or extending.",yǐn,3,建之旁,廵、廷、延,,3,人-行,,,65,Y,Y,yin,2025-02-18 21:29:09,
廾,1,55,arch / two hands /  join hands,gǒng,3,弄字底,廿、弁、弄,,13,概念-,,,66,Y,,gong,2025-02-18 22:55:58,
开,1,-1,To open / To start / begin / To operate / turn on / To bloom / blossom / To drive,kāi,4,,邢 并,,3,概念-,,,413,Y,,kai,2025-02-20 21:35:10,
弋,1,56,shoot,yì,3,,弌、弍、弎,,6,社会-,soldier,,67,Y,,yi,2025-02-18 22:56:13,
式,1,-1,Style / type / form / Pattern / model / Ceremony / rite / Method / way,shì,6,,拭 试,,2,概念-,,,433,Y,,shi,,
弓,1,57,bow / arrow,gōng,3,弓字旁,弔、引、弗,,24,社会-,tool,,68,Y,,gong,2025-02-18 22:56:21,
弟,,,brother,dì,7,,,,,人-伦理,,,429,Y,,di,2025-02-19 12:15:48,
彐,0,58,garment / snout,jì / tiáo,3,,录 (lù) and 彖 (tuàn)、彗,彑,13,radical,,,69,Y,Y,ji,2025-02-18 21:30:34,
彑,0,58,snout / related to pigs,jì,3,,彔、彖、彗,彐,3,radical,,,70,Y,Y,ji,2025-02-18 21:31:28,
彡,0,59,hair / bristle / feathery appearances,shān,3,三撇儿,"形 (xíng, shape/form) and 彩 (cǎi, color/variety)、彤、彥",,23,人-生理,hair,,71,Y,Y,shan,2025-02-18 21:32:38,
彳,0,60,walk / step,chì ,3,双立人,"行 (xíng, to walk/travel), 往 (wǎng, to go), and 德 (dé, virtue/morality)、彷",,28,人-行,,,72,Y,Y,chi,2025-02-18 22:06:32,
心,1,61,heart / mind,xīn,4,竖心旁,必、忉、忌,忄 ⺗ 㣺,84,人-心理,mind,,74,Y,,xin,2025-02-19 10:39:39,
忄,0,61,heart / emotion,xīn,3,竖心旁,忉、忌,心,116,人-心理,mind,,73,Y,Y,xin,2025-02-18 22:07:16,
必,1,-1,must / necessary / certain,bì,5,,毖秘泌𥁑,,15,概念-,,,370,Y,,bi,2025-02-19 17:16:17,
戈,1,62,halberd / spear,gē,4,,戊、戉、戌,,33,社会-,tool,,75,Y,,ge,2025-02-19 10:39:48,
戋,0,-1,small / narrow / shallow,jiān,5,,残浅贱践钱线盏,,8,概念-,,,352,Y,Y,jian,2025-02-19 20:05:49,
戶,1,63,door / family,hù,4,,戹、戼、戽,,6,社会-,housing,,77,Y,,hu,2025-02-19 10:40:06,
户,1,63,door / household,hù,4,,戹、戼、戽,戸 戶,13,社会-,housing,,76,Y,,hu,2025-02-19 10:40:25,
手,1,64,hand,shǒu,4,提手旁,才、扎、扐,扌 龵,18,人-生理,hand,,79,Y,,shou,2025-02-19 10:40:35,
扌,0,64,hand / hold,shǒu,3,提手旁,扎、扐,手,261,人-生理,hand,,78,Y,Y,shou,2025-02-18 22:08:07,
才,1,-1,talent / ability / just / only,cái,3,,,,8,社会-,education,,287,Y,,cai,2025-02-18 22:57:01,
支,1,65,branch,zhī,4,,攰、攱、攲,,13,概念-,,,80,Y,,zhi,2025-02-19 10:40:48,
攴,0,66,tap / strike / rap,pū,4,,收、攷、攸,攵,2,概念-,,,81,Y,Y,pu,2025-02-18 22:58:34,
攵,0,66,tap / rap,pū,4,,收、攷、攸,攴,59,概念-,,,82,Y,Y,pu,2025-02-18 22:58:49,
文,1,67,writing / script,wén,4,,斉、斌、斐,,16,社会-,culture,,83,Y,,wen,2025-02-19 10:40:58,
斗,1,68,dipper / fight,dǒu,4,,料、斚、斛,鬥,16,数理-度量,,,84,Y,,dou,2025-02-19 10:41:14,
斤,1,69,axe / kilogram,jīn,4,,斥、斧、斨,,23,数理-度量,,,85,Y,,jin,2025-02-19 10:41:34,
斥,1,-1,To repel / reject / To blame / rebuke / To exclude / eliminate / To banish / expel,斥,5,,拆 诉,,2,概念-,,,415,Y,,chi,2025-02-20 21:54:05,
方,1,70,square / direction / location,fāng,4,,㫃、於、㫄,,27,数理-时空,location,,86,Y,,fang,2025-02-19 10:42:02,
无,1,71,not / without,wú,4,,既、旣、旤,旡,3,天文-,,,87,Y,,wu,2025-02-19 10:46:58,
旡,0,-1,not / lack of,jì,4,,既、旣、旤,无,3,天文-,,,88,Y,Y,ji,2025-02-18 22:59:57,
日,1,72,sun,rì,4,,旦、旨、早,,125,天文-日,,,89,Y,Y,ri,2025-02-19 10:47:18,Y
旦,1,-1,dawn / day break,dàn,5,,但查担胆坦,,17,天文-,,,273,Y,,dan,2025-02-19 17:09:44,
易,1,-1,easy / simple / change / alter / exchange / trade ,yì,8,,场畅肠赐汤踢惕,,15,概念-,,,334,Y,,yi,2025-02-19 17:51:52,
曰,1,73,say,yuē,4,,曲、曳、更,,14,人-生理,mouth,,90,Y,,yue,2025-02-19 10:47:43,
曲,1,-1,"Music, song, melody, tune / Curved, bent, crooked",qǔ / qū,6,,典,,1,社会-,music,,304,Y,,qu,2025-02-20 22:35:17,
月,1,130,moon / meat,ròu / yuè,4,,有、朋、服,⺼,154,"天文-月, 人-生理",flesh,,166,Y,Y,rou,2025-02-19 10:48:05,
木,1,75,tree / wood,mù,4,木字旁,未、末、本,,324,天文-木,,,94,Y,,mu,2025-02-19 10:48:22,
朩,0,-1,wood/tree / plant / stump,zhū,4,,,木,1,天文-木,,,93,Y,Y,zhu,2025-02-18 23:01:03,
未,1,-1,not yet / future / upcoming / negation / incomplete ,wèi,5,,妹昧味沬,,10,概念-,,,350,Y,,wei,2025-02-19 17:33:10,
末,1,-1,End / ending of something / Tip / extremity / Final / last / Remnant / remainder,mò,5,,抹  沫 茉 袜,,5,概念-,,,353,Y,,mo,2025-02-19 20:59:23,
本,1,-1,Root / origin / Foundation / basis / main / Book / volume,běn,5,,笨 体,,2,天文-木,,,279,Y,,ben,2025-02-20 21:55:20,
术,1,-1,technique / art / skill / method / way / specialty / tactics / strategy / magic arts,shù,5,,怵 沭 述 訹,,4,社会-,technology,,300,Y,,shu,2025-02-19 21:00:53,
東,1,-1,east,dong,8,,,,1,数理-时空,,,,Y,,dong,,
柬,1,-1,invitation,jiǎn,9,,拣 阑  炼 练,,3,社会-,,,393,Y,,jian,2025-02-20 22:13:57,
欠,1,76,owe / lack,qiàn,4,欠字旁,次、欣、欥,,42,概念-,,,95,Y,,qian,2025-02-19 10:48:31,
止,1,77,stop,zhǐ,4,,正、此、步,,21,人-行,foot,,96,Y,,zhi,2025-02-19 10:48:42,
正,1,-1,Correct / right / proper / Just / exactly / precisely / Straight / upright / Main / principal /Positive,zhèng,5,,是定歪征政症证,,9,概念-,,,342,Y,,zheng,2025-02-19 19:49:54,
歹,1,78,evil / death / bad,dǎi,4,,歺、死、歿,歺,17,概念-,,,97,Y,,dai,2025-02-19 10:48:51,
殳,0,79,weapon / spear ,shū,4,,段 (duàn) and 般 (bān)、殷、殺,,37,社会-,weapong,,98,Y,Y,shu,2025-02-18 23:01:59,
毋,1,80,do not,wú / mǔ,4,,母、每、毐,母,1,概念-,,,422,Y,,wu,2025-02-19 10:49:25,
母,1,80,mother,mǔ / wú,5,,母、每、毐,毋 ⺟,6,人-伦理,family,,99,Y,,mu,2025-02-17 23:33:45,
比,1,81,compare,bǐ,4,,毖、毗、毘,,16,概念-,,,100,Y,,bi,2025-02-19 10:49:34,
毛,1,82,fur / hair,máo,4,,毡、毣、毧,彡,22,人-生理,hair,,101,Y,,mao,2025-02-19 10:50:34,
氏,1,83,clan,shì,4,,氐、民、氓,,8,社会-,org,,102,Y,,shi,2025-02-19 10:50:48,
气,1,84,steam,qì,4,,氕、氘、氚,,24,天文-,,,103,Y,,qi,2025-02-19 11:48:09,
水,1,85,water,shuǐ,4,三点水,永、氷、氾,氵 冫 氺 川,20,天文-水,,,105,Y,,shui,2025-02-19 11:56:52,
氵,0,85,water,shuǐ,3,三点水,永、氷、氾,水,377,天文-水,,,104,Y,Y,shui,2025-02-18 22:08:39,
氺,0,85,water,shuǐ,5,三点水,永、氷、氾,,0,天文-水,,,106,Y,Y,shui,2025-02-19 11:48:44,
火,1,86,fire,huǒ,4,火字旁,灰、灯、灶,灬,85,天文-火,,,107,Y,,huo,2025-02-19 11:57:00,
灬,0,86,fire,huǒ,4,四点底 火字旁,灰、灯、灶,火,20,天文-火,,,108,Y,Y,huo,2025-02-18 23:02:22,
爪,1,87,claw,zhǎo,4,受字头,爬、爭、爰,爫,3,动物-,,,109,Y,,zhao,2025-02-19 11:57:10,
爫,0,87,claw,zhǎo,4,受字头,爬、爭、爰,,9,radical,,,110,Y,Y,zhao,2025-02-19 09:58:19,
父,1,88,father,fù,4,,爸、爹、爺,,5,人-伦理,family,,111,Y,,fu,2025-02-19 11:57:22,
爻,0,89,line / trigrams,yáo,4,,爼、爽、爾,,4,概念-,,,112,Y,Y,yao,2025-02-19 09:58:34,
爿,0,90,split wood / piece of wood,qiáng,4,将字旁,牀、牁、牂,,5,天文-木,,,113,Y,Y,qiang,2025-02-19 09:58:49,
片,1,91,slice,piàn,4,,版、牉、牌,爿 丬,6,数理-度量,,,114,Y,,pian,2025-02-19 10:51:17,
牙,1,92,tooth / fang,yá,4,,㸦、㸧、牚,,9,人-生理,tooth,,115,Y,,ya,2025-02-19 11:49:26,
牛,1,93,cow,niú,4,牛字旁,牝、牟、牠,牜 ⺧,11,动物-,mammal,,116,Y,,niu,2025-02-19 11:49:19,
牜,0,93,cow,niú,4,牛字旁,牝、牟、牠,牛,15,动物-,mammal,,117,Y,Y,niu,2025-02-19 10:00:24,
犬,1,94,dog,quǎn,4,反犬旁,犮、犯、犰,犭,22,动物-,mammal,,120,Y,,quan,2025-02-19 11:49:12,
犭,1,94,dog,quǎn,3,反犬旁,犮、犯、犰,,51,动物-,mammal,,119,Y,,quan,2025-02-18 22:57:15,
玄,1,95,profound / mysterious ,xuán,5,,玅、率、玈,,7,概念-,,,121,Y,,xuan,2025-02-19 11:50:33,
玉,1,96,jade,yù,5,,玻、瑪、璧,王 ⺩ 玊,5,地理-,jade,,123,Y,,yu,2025-02-19 11:50:11,
王,1,96,jade,yù,4,,玻、瑪、璧,,113,社会-,order,,122,Y,,yu,2025-02-19 10:51:01,
瓜,1,97,melon,guā,5,,瓝、瓞、瓟,,12,植物-,food,,124,Y,,gua,2025-02-19 11:50:43,
瓦,1,98,tile,wǎ,4,,㼚、瓮、瓫,,16,社会-,housing,,125,Y,,wa,2025-02-19 10:51:09,
甘,1,99,sweet,gān,5,,甚、甜、甛,,12,人-生理,tongue,,126,Y,,gan,2025-02-19 11:51:07,
生,1,100,life / living,shēng,5,,甡、產、甥,,11,人-生理,living,,127,Y,,sheng,2025-02-19 11:51:00,
用,1,101,use,yòng,5,,甩、甫、甬,甩,5,社会-,,,128,Y,,yong,2025-02-19 11:51:16,
甫,1,-1,beginning / initially,fǔ,7,,哺  捕 逋 辅,,23,植物-,,,369,Y,,fu,2025-02-19 16:31:36,
田,1,102,field,tián,5,,由、甲、申,,51,社会-,farming,,129,Y,,tian,2025-02-19 11:51:24,
由,1,-1,follow / reason,yóu,5,,,,21,概念-,,,332,Y,,you,2025-02-19 11:51:31,
甲,1,-1,first of the ten Heavenly Stems (天干) / shell / armor / first / top,jiǎ,5,,钾匣押鸭闸,,10,数理-天干,,,387,Y,,jia,2025-02-19 17:34:53,
申,1,-1,to state / to express / to extend / to stretch / apply,shēn,5,,畅伸绅 神审坤,,9,概念-,,,341,Y,,shen,2025-02-19 19:52:40,
电,1,-1,electricity / electric,diàn,5,,龟 黾 奄,,3,天文-,,,276,Y,,dian,2025-02-20 21:38:34,
畏,1,-1,to fear / to be afraid of / or to be in awe of / to respect,wèi,9,,偎猥,,7,,,,394,Y,,wei,2025-02-19 19:35:06,
畐,0,-1,fullness  / abundance,fú,9,,逼匐福富副,,11,概念-,,,270,Y,Y,fu,2025-02-19 17:30:08,
疋,0,103,foot / bolt of cloth,pǐ,5,疋字底,疌、疏、疎,,7,数理-度量,foot,,130,Y,Y,pi,2025-02-19 12:17:51,
疒,0,104,sick / sickness / illness,nè,5,病字旁,疔、疚、疝,,74,人-生理,health,,132,Y,Y,ne,2025-02-19 12:23:28,
癶,0,105,legs / footsteps,bō,5,登字头,癸、癹、発 /發,,2,社会-,foot,,133,Y,Y,bo,2025-02-19 12:24:35,
白,1,106,white,bái,5,,百、皀、皁,,32,数理-颜色,,,134,Y,,bai,2025-02-19 11:51:39,
皮,1,107,skin,pí,5,,皯、皰、皴,,17,人-生理,skin,,135,Y,,pi,2025-02-19 11:51:45,
皿,1,108,dish,mǐn,5,,盂、盃、盅,,30,社会-,container,,136,Y,,min,2025-02-19 11:52:08,
目,1,109,eye,mù,5,目字旁,盯、盱、盲,⺫,79,人-生理,eye,,137,Y,,mu,2025-02-19 11:51:54,
睪,,,testicle,yì / gāo,13,,释  绎 译 择 泽,𠬤,8,人-生理,,,436,Y,,yi,2025-02-21 22:17:52,
矛,1,110,spear,máo,5,,矜、矞、矟,,8,社会-,military,,138,Y,,mao,2025-02-19 11:52:02,
矢,1,111,arrow,shǐ,5,,矣、知、矧,,16,社会-,military,,139,Y,,shi,2025-02-19 11:52:16,
石,1,112,stone,shí,5,,矸、矻、矼,,71,地理-土,,,140,Y,,shi,2025-02-19 11:52:30,
示,1,113,spirit / show,shì,5,示字旁,礼、礽、社,礻,13,社会-,faith,,142,Y,,shi,2025-02-19 11:52:22,
礻,0,113,spirit / pray,shì,4,示字旁,礼、礽、社,示,38,社会-,faith,,141,Y,Y,shi,2025-02-19 10:08:34,
禸,0,114,track,róu,4,,禹、禺、离,,1,radical,location,,143,Y,Y,rou,2025-02-19 10:09:27,
禺,1,-1,join,yú,9,,偶  耦  愚 隅  寓 遇,,10,概念-,,,430,Y,,yu,2025-02-19 20:50:39,
禾,1,115,grain,hé,5,禾木旁,禿、秀、私,,78,人-食,food,,144,Y,,he,2025-02-19 11:52:35,
穴,1,116,cave,xué,5,,究、穸、空,,41,社会-,housing,,145,Y,,xue,2025-02-19 11:52:43,
立,1,117,stand,lì,5,,竑、竒、竘,,34,人-生理,foot,,146,Y,,li,2025-02-19 11:52:51,
竹,1,118,bamboo,zhú,6,竹字头,竺、竽、竿,⺮,1,植物-,,,148,Y,,zhu,2025-02-19 11:57:35,
米,1,119,rice,mǐ,6,米字旁,籸、籹、籽,,51,人-食,food,,149,Y,,mi,2025-02-19 11:57:45,
糸,1,120,silk / thread,mì,6,绞丝旁,系、糾、紀,糹 纟,32,植物-,,,151,Y,,mi,2025-02-19 12:21:03,
纟,0,120,"silk, thread, or textiles",sī,3,,,糸,111,植物-,,,150,Y,Y,si,2025-02-18 22:10:13,
缶,1,121,jar,fǒu,6,,缸、缺、缽,,16,社会-,container,,152,Y,,fou,2025-02-19 12:06:46,
网,1,122,net,wǎng,6,,罔、罕、罘,⺲ 罒 ⺳ 罓,2,社会-,tool,,153,Y,,wang,2025-02-19 11:58:30,
罒,0,122,net,wǎng,5,,,,34,社会-,tool,,154,Y,Y,wang,2025-02-19 11:49:40,
罓,0,122,net,wǎng,4,,罔、罕、罘,罒,0,社会-,tool,,155,Y,Y,wang,2025-02-19 10:10:47,
羊,1,123,sheep,yáng,6,,羋、羌、美,⺶ ⺷,37,动物-,mammal,,156,Y,,yang,2025-02-19 11:58:19,
羽,1,124,feather,yǔ,6,,羿、翀、翁,,42,动物-,bird,,159,Y,,yu,2025-02-19 11:58:37,
老,1,125,old,lǎo,6,老字头,考、者、耆,耂,2,人-伦理,,,,Y,,lao,,
耂,0,125,old,lǎo,4,老字头,考、者、耆,,3,概念-,,,160,Y,Y,lao,2025-02-19 10:11:01,
而,1,126,and,ér,6,,耍、耎、耏,,11,概念-,,,162,Y,,er,2025-02-19 11:58:42,
耒,1,127,plow / plough,li / lěi,6,,耔、耕、耖,,7,社会-,tool,,163,Y,,lei,2025-02-19 12:20:31,
耳,1,128,ear,ěr,6,,耴、耵、耷,,31,人-生理,ear,,164,Y,,er,2025-02-19 12:01:11,
聿,0,129,writing  brush / write,yù,6,,肄、肆、肅,⺺ 肀 ⺻,5,社会-,tool,,165,Y,Y,yu,2025-02-19 12:22:43,
肉,1,130,meat / flesh,ròu,6,,肊、肋、然,⺼,3,人-生理,flesh,,167,Y,,rou,2025-02-19 12:01:18,
肙,0,-1,,yíng,7,,绢娟捐,,12,概念-,,,373,Y,Y,ying,2025-02-19 17:27:16,
臣,1,131,minister,chén,6,,臤、臥、臧,,6,社会-,org,,168,Y,,chen,2025-02-19 12:01:25,
自,1,132,self,zì,6,,臬、臭、臯,,9,人-,self,,169,Y,,zi,2025-02-19 12:01:32,
至,1,133,arrive / reach,zhì,6,,致、臷、臺,,12,数理-时空,location,,170,Y,,shi,2025-02-19 12:01:41,
臼,1,134,mortar,jiù,6,,臾、臿、舁,,10,人-生理,tooth,,171,Y,,jiu,2025-02-19 12:06:36,
舌,1,135,tongue,shé,6,,舍、舐、舑,,19,人-生理,tongue,,172,Y,,she,2025-02-19 12:02:31,
舛,1,136,oppose / error / mistake / discord,chuǎn,7,,舜、舝、舞,,2,,,,173,Y,,chuan,2025-02-19 12:20:21,
舟,1,137,boat,zhōu,6,,舠、舡、舢,,18,社会-,ship,,174,Y,,zhou,2025-02-19 12:02:39,
艮,0,138,stop and stare / stopping,gèn,6,,良、艱,,19,地理-,,,175,Y,Y,gen,2025-02-19 12:02:23,
良,1,-1,good / fine / excellent,liáng,7,,食狼郎朗浪粮娘,,13,概念-,,,338,Y,,liang,2025-02-19 17:39:36,
色,1,139,color,sè,6,,艳、艴、艵,,3,数理-颜色,,,176,Y,,se,2025-02-19 12:02:45,
艹,0,140,grass,cǎo,3,,,,284,植物-,,,177,Y,Y,cao,2025-02-18 22:10:34,
虍,0,141,tiger,hū,6,,虎、虐、虒,虎,12,动物-,mammal,,178,Y,Y,hu,2025-02-19 11:56:37,
虫,1,142,small creature / insect,chóng,6,,虬、虯、虱,,132,动物-,amphibian,,179,Y,,chong,2025-02-19 12:02:54,
血,1,143,blood,xuè / xiě,6,,衁、衂、衃,,6,人-生理,blood,,180,Y,,xue,2025-02-19 12:03:10,
行,1,144,walk enclosure / walk,xíng,6,,衍、衎、衒,,12,人-行,foot,,181,Y,,xing,2025-02-19 12:03:18,
衣,1,145,clothing / clothes,yī,6,衣字旁,初、表、衫,⻂ 衤,25,人-衣,clothing,,183,Y,,yi,2025-02-19 12:03:24,
衤,0,145,clothing,yī,5,,,,52,人-衣,clothing,,182,Y,Y,yi,2025-02-19 11:49:47,
西,1,146,west / western,xī,6,,西、要、覂,襾 覀,6,数理-时空,location,,185,Y,,xi,2025-02-19 12:04:20,
覀,0,146,cover,yì,6,,西、要、覂,西,7,概念-,,,184,Y,Y,yi,2025-02-19 12:22:00,
见,1,147,see,jiàn,4,,,見,10,人-生理,eye,,186,Y,,jian,2025-02-19 11:49:04,
角,1,148,horn, jiǎo / jué,7,,觓、觔、觕,⻇,17,动物-,,,187,Y,,jiao,2025-02-19 12:07:20,
言,1,149,speech,yán,7,言字旁,訂、訃、計,訁 讠,36,人-生理,mouth,,189,Y,,yan,2025-02-19 12:07:27,
讠,0,149,speech,yán,2,,,言,102,人-生理,mouth,,188,Y,Y,yan,2025-02-17 23:49:49,
谷,1,150,valley,gǔ,7,,谹、谽、谿,,9,植物-,food,,190,Y,,gu,2025-02-19 12:07:32,
豆,1,151,bean,dòu,7,,豇、豈、豉,,11,植物-,food,,191,Y,,dou,2025-02-19 12:07:39,
豕,0,152,boar / pig,shǐ,7,,豗、豚、豜,,15,动物-,mammal,,192,Y,Y,shi,2025-02-19 12:04:44,
豸,0,153,fierce animal / badger,zhì,7,,豺、豻、豹,,10,动物-,mammal,,193,Y,Y,zhi,2025-02-19 12:04:53,
贝,1,154,shell,bèi,4,,,貝,59,社会-,currency,,194,Y,,bei,2025-02-19 10:51:29,
责,1,-1,Responsibility / duty / To blame / to criticize / To charge with,zé,8,,绩  债,,2,概念-,,,416,Y,,ze,2025-02-20 22:18:48,
赤,1,155,red,chì,7,,赦、赧、赨,,7,数理-颜色,,,195,Y,,chi,2025-02-19 12:07:47,
走,1,156,run / walk,zǒu,7,,赳、赴、赶,⻌ ⻍ ⻎ 辶 辵 赱,23,人-行,foot,,196,Y,,zou,2025-02-19 12:07:54,
足,1,157,foot,zú,7,足字旁,趴、趵、趷,⻊ 疋 ⺪,76,人-行,foot,,197,Y,,zu,2025-02-19 12:08:01,
身,1,158,body,shēn,7,,躬、躭、躰,,5,人-生理,body,,198,Y,,shen,2025-02-19 12:08:08,
车,1,159,cart / vehicle,chē,4,,,車,53,社会-,transport,,199,Y,,che,2025-02-19 11:48:55,
辛,1,160,bitter,xīn,7,,辜、辝、辟,,18,人-生理,tongue,,200,Y,,xin,2025-02-19 12:08:14,
辰,1,161,morning,chén,7,,辱、農、辴,,9,数理-时空,time,,201,Y,,chen,2025-02-19 12:08:21,
辶,0,162,walk / movement,chuò,3,,,,90,人-行,foot,,202,Y,Y,chuo,2025-02-18 22:11:10,
邑,1,163,city (阝 right),yì,7,右耳朵,邕、邗、邘,⻏ 阝,8,社会-,org,,204,Y,,yi,2025-02-19 12:08:27,
酉,0,164,wine / wine vessel,yǒu,7,,酊、酋、酌,,46,人-食,food,,205,Y,Y,you,2025-02-19 12:10:41,
釆,1,165,distinguish / discern / separate / collect,cǎi,7,,采、釉、釋 / 彩 (cǎi),,2,植物-,,,206,Y,,cai,2025-02-19 12:10:00,
里,1,166,village / kilometer,lǐ,7,,重、野、量,,13,数理-度量,,,207,Y,,li,2025-02-19 12:10:12,
金,1,167,metal / gold,jīn,8,金字旁,釓、釔、釕,釒 钅,18,天文-金,,,209,Y,,jin,2025-02-19 12:10:49,
钅,0,167,gold / metal,jīn,5,,,,88,天文-金,,,208,Y,Y,jin,2025-02-19 11:50:03,
长,1,168,long,cháng,4,,,長 镸,5,概念-,,,210,Y,,chang,2025-02-19 11:48:22,
门,1,169,door/gate,mén,3,,,門,22,人-住,housing,,211,Y,,men,2025-02-18 22:57:23,
阜,1,170,dam (阝 left) / mound,fù,8,,阞、阡、阢,⻖ 阝,1,地理-土,,,212,Y,,fu,2025-02-19 12:10:55,
阝,0,170,"mound, dam (阝 left) / city (阝 right)",fù / yì,3,左耳朵,,,153,地理-土,,,203,Y,Y,fu,,
隶,1,171,slave,lì / dài,8,,𨽻、隷、隸,,3,社会-,,,214,Y,,li,2025-02-19 12:11:03,
隹,0,172,short-tailed bird / good,zhuī,8,,隻、隼、隽,,53,动物-,bird,,215,Y,Y,zhui,2025-02-19 12:10:31,
雨,1,173,rain,yǔ,8,,雩、雪、雯,,28,天文-,,,216,Y,,yu,2025-02-19 12:11:09,
青,1,174,green / blue,qīng,8,,靖、静、靚,靑,15,数理-颜色,,,217,Y,,qing,2025-02-19 12:11:15,
非,1,175,negate / wrong,fēi,8,,靟、靠、靡,,30,概念-,,,218,Y,,fei,2025-02-19 12:11:23,
面,1,176,face,miàn,9,,靤、靦、靧,靣,5,人-生理,face,,219,Y,,mian,2025-02-19 12:11:44,
革,1,177,leather,gé,9,,靭、靮、靳,,34,社会-,clothing,,220,Y,,ge,2025-02-19 12:11:48,
韦,1,178,soft leather,wéi,4,,,韋,8,社会-,clothing,,221,Y,,wei,2025-02-19 11:48:29,
韭,1,179,leek,jiǔ,9,,韰、韲、䪢,,1,植物-,,,222,Y,,jiu,2025-02-19 12:11:54,
音,1,180,sound,yīn,9,,竟、章、韵,,12,社会-,music,,223,Y,,yin,2025-02-19 12:12:02,
页,1,181,page / face,yè,6,,,頁,44,人-生理,face,,224,Y,,ye,2025-02-19 12:04:36,
风,1,182,wind,fēng,4,,,風,5,天文-,,,225,Y,,feng,2025-02-19 11:48:36,
飞,1,183,fly,fēi,3,,,飛,0,动物-,bird,,226,Y,,fei,2025-02-18 22:57:33,
食,1,184,eat,shí,9,食字旁,飡、飢、飣,飠 饣,9,人-食,food,,227,Y,,shi,2025-02-19 12:12:08,
饣,0,184,eat / food,shí,3,,,食,32,人-食,food,,228,Y,Y,shi,2025-02-18 22:14:28,
首,1,185,head,shǒu,9,,馗、䭫、馘,,2,人-生理,head,,229,Y,,shou,2025-02-19 12:12:16,
香,1,186,fragrant,xiāng,9,,馝、馞、馡,,2,人-生理,nose,,230,Y,,xiang,2025-02-19 12:12:24,
马,1,187,horse,mǎ,3,,,馬,44,动物-,mammal,,231,Y,,ma,2025-02-18 22:57:40,
骨,1,188,bone,gǔ,9,,骫、骭、骯,,16,人-生理,bone,,232,Y,,gu,2025-02-19 12:12:29,
高,1,189,tall,gāo,10,,髚、髛、𩫛,髙,15,概念-,,,417,Y,,gao,2025-02-19 12:13:09,
鬥,1,191,fight,dòu,10,,鬦、鬧、鬨,,1,社会-,military,,235,Y,,dou,2025-02-19 12:13:20,
鬼,1,194,ghost,guǐ,9,,鬾、魁、魂,,24,社会-,faith,,238,Y,,gui,2025-02-19 12:12:35,
鱼,1,195,fish,yú,8,,,魚,23,动物-,fish,,239,Y,,yu,2025-02-19 12:11:28,
鸟,1,196,bird,niǎo,5,,,鳥,62,动物-,bird,,240,Y,,niao,2025-02-19 11:52:57,
鹿,1,198,dear,lù,11,,麀、麁、麂,,15,动物-,mammal,,242,Y,,lu,2025-02-19 12:14:08,
麦,1,199,wheat,mài,7,,,麥,1,植物-,food,,243,Y,,mai,2025-02-19 12:10:18,
麻,1,200,hemp,má,11,,麼、麾、黁,,10,植物-,clothing,,244,Y,,ma,2025-02-19 12:13:25,
黄,1,201,yellow,huáng,12,,,黃,0,数理-颜色,,,245,Y,,huang,2025-02-19 12:13:38,
黍,0,202,millet,shǔ,12,,黎、黏、黐,,1,植物-,,,246,Y,Y,shu,2025-02-19 12:13:31,
黑,1,203,black,hēi,12,,墨、黓、黔,,23,数理-颜色,,,247,Y,,hei,2025-02-19 12:13:45,
黾,0,205,frog / strive / make efforts persistently,mǐn,8,,,黽,2,概念-,Amphibian,,249,Y,Y,min,2025-02-19 12:19:05,
鼓,1,207,drum,gǔ,13,,鼕、鼖、鼗,鼔,3,社会-,music,,251,Y,,gu,2025-02-19 12:13:53,
鼻,1,209,nose,bí,14,,鼽、鼾、齁,,3,人-生理,nose,,253,Y,,bi,2025-02-19 12:14:01,
齐,1,210,neat,qí,6,,,齊 斉,5,概念-,,,254,Y,,qi,2025-02-19 12:02:01,
齿,1,211,teeth,chǐ,8,,,齒,7,人-生理,tooth,,255,Y,,chi,2025-02-19 12:11:36,
龙,1,212,dragon,lóng,5,,,龍,10,动物-,,,256,Y,,long,2025-02-19 11:53:04,
龟,1,213,turtle,guī,7,,,龜,0,动物-,reptile,,257,Y,,gui,2025-02-19 12:10:24,
龴,0,-1,,píng,2,,,,2,radical,,,267,Y,Y,ping,2025-02-17 23:37:53,
龺,0,-1,,,8,,韩 朝 翰  乾,,6,radical,,,421,Y,Y,,2025-02-20 22:37:08,
𤴔,0,-1,,,5,,,,0,人-行,,,131,Y,Y,,,
